Capability,TownBell demonstrates,Replay source,Direct Reconstructed Inferred etc,Likely algorithm,Accuracy confidence,Required raw fields,Age of Friends use,V1 V2 Future
Feudal click [feudal_click],Yes in supplied public JSON export,RESEARCH commands; system age messages where available; external research-time and availability tables,A for clicks and system age events; B or C for projected completion,"Select research starts, normalize technologies, use direct age-reached messages first and otherwise project completion with declared assumptions",High for click time; high for direct age messages; medium or lower for other completion times,"timestamp, actor, technology id, producer ids, system chat subtype, civilization and patch data","Age and upgrade timing, strategic commitment, execution and military transition inputs",V1
Feudal reached [feudal_reached],Yes in supplied public JSON export,RESEARCH commands; system age messages where available; external research-time and availability tables,A for clicks and system age events; B or C for projected completion,"Select research starts, normalize technologies, use direct age-reached messages first and otherwise project completion with declared assumptions",High for click time; high for direct age messages; medium or lower for other completion times,"timestamp, actor, technology id, producer ids, system chat subtype, civilization and patch data","Age and upgrade timing, strategic commitment, execution and military transition inputs",V1
Castle click [castle_click],Yes in supplied public JSON export,RESEARCH commands; system age messages where available; external research-time and availability tables,A for clicks and system age events; B or C for projected completion,"Select research starts, normalize technologies, use direct age-reached messages first and otherwise project completion with declared assumptions",High for click time; high for direct age messages; medium or lower for other completion times,"timestamp, actor, technology id, producer ids, system chat subtype, civilization and patch data","Age and upgrade timing, strategic commitment, execution and military transition inputs",V1
Castle reached [castle_reached],Yes in supplied public JSON export,RESEARCH commands; system age messages where available; external research-time and availability tables,A for clicks and system age events; B or C for projected completion,"Select research starts, normalize technologies, use direct age-reached messages first and otherwise project completion with declared assumptions",High for click time; high for direct age messages; medium or lower for other completion times,"timestamp, actor, technology id, producer ids, system chat subtype, civilization and patch data","Age and upgrade timing, strategic commitment, execution and military transition inputs",V1
Imperial click [imperial_click],Yes in supplied public JSON export,RESEARCH commands; system age messages where available; external research-time and availability tables,A for clicks and system age events; B or C for projected completion,"Select research starts, normalize technologies, use direct age-reached messages first and otherwise project completion with declared assumptions",High for click time; high for direct age messages; medium or lower for other completion times,"timestamp, actor, technology id, producer ids, system chat subtype, civilization and patch data","Age and upgrade timing, strategic commitment, execution and military transition inputs",V1
Imperial reached [imperial_reached],Yes in supplied public JSON export,RESEARCH commands; system age messages where available; external research-time and availability tables,A for clicks and system age events; B or C for projected completion,"Select research starts, normalize technologies, use direct age-reached messages first and otherwise project completion with declared assumptions",High for click time; high for direct age messages; medium or lower for other completion times,"timestamp, actor, technology id, producer ids, system chat subtype, civilization and patch data","Age and upgrade timing, strategic commitment, execution and military transition inputs",V1
Pop at feudal click [pop_at_feudal_click],Yes in supplied public JSON export,"Initial owned objects plus queue, deletion and age-click events",C without simulation,Project population from the initial snapshot and subsequent queue/cancellation evidence at the click timestamp,"Medium or lower; population-cap blocks, deaths and incomplete queues make exact live population simulation-dependent","initial object classes, queue deltas, cancellation evidence, deaths if simulated, age-click timestamp",Opening context and build-order analysis without confusing planned population with live population,V2
Pop at castle click [pop_at_castle_click],Yes in supplied public JSON export,"Initial owned objects plus queue, deletion and age-click events",C without simulation,Project population from the initial snapshot and subsequent queue/cancellation evidence at the click timestamp,"Medium or lower; population-cap blocks, deaths and incomplete queues make exact live population simulation-dependent","initial object classes, queue deltas, cancellation evidence, deaths if simulated, age-click timestamp",Opening context and build-order analysis without confusing planned population with live population,V2
Feudal efficiency delta [feudal_efficiency_delta],Yes in supplied public JSON export,"Command stream, queue commands and versioned time windows",C,"Apply a declared heuristic for continuity, deduplication, efficiency, opening classification or playstyle",Medium and definition-dependent; must retain evidence and model version,"timestamp, actor, action type, selected ids, entity ids, queue amounts, age intervals and map context","Execution fundamentals, stable playstyle models and per-match performance interpretation",V2 or Future
Loom time [loom_time],Yes in supplied public JSON export,RESEARCH commands; system age messages where available; external research-time and availability tables,A for clicks and system age events; B or C for projected completion,"Select research starts, normalize technologies, use direct age-reached messages first and otherwise project completion with declared assumptions",High for click time; high for direct age messages; medium or lower for other completion times,"timestamp, actor, technology id, producer ids, system chat subtype, civilization and patch data","Age and upgrade timing, strategic commitment, execution and military transition inputs",V1
Loom before feudal [loom_before_feudal],Yes in supplied public JSON export,Decoded replay command stream and versioned entity tables,B or C,Apply a documented aggregation or classification over canonical events,Definition-dependent; preserve evidence and calculation version,"timestamp, actor, action type, raw payload and normalized entity references","Reusable match, player and relationship analysis",V2
Opening strategy [opening_strategy],Yes in supplied public JSON export,"Command stream, queue commands and versioned time windows",C,"Apply a declared heuristic for continuity, deduplication, efficiency, opening classification or playstyle",Medium and definition-dependent; must retain evidence and model version,"timestamp, actor, action type, selected ids, entity ids, queue amounts, age intervals and map context","Execution fundamentals, stable playstyle models and per-match performance interpretation",V2 or Future
First military unit [first_military_unit],Yes in supplied public JSON export,DE_QUEUE or QUEUE commands plus external entity and cost tables,B with C where completion or attribution is implied,"Aggregate queue amounts by normalized unit, family, producer and time window; optionally price at pinned costs","High for queue intent; low to medium for actual trained units, producer allocation, live army or completion time","timestamp, actor, unit id, amount, selected producer ids, entity family, cost and train-time version","Military identity, production commitment, portrait inputs, economic growth and composition transitions",V1 queue truth; V2 derived identity
First barracks [first_barracks],Yes in supplied public JSON export,BUILD or WALL placement commands plus initial owned objects,A plus B,"Select and count placement commands by normalized building type, coordinates and age window","High for construction orders; completion, cancellation and survival require simulation or explicit later evidence","timestamp, actor, building id, builder ids, x and y, wall endpoints, initial owned structures","Expansion, infrastructure, production capacity, fortification and spatial presence",V1
First range [first_range],Yes in supplied public JSON export,BUILD or WALL placement commands plus initial owned objects,A plus B,"Select and count placement commands by normalized building type, coordinates and age window","High for construction orders; completion, cancellation and survival require simulation or explicit later evidence","timestamp, actor, building id, builder ids, x and y, wall endpoints, initial owned structures","Expansion, infrastructure, production capacity, fortification and spatial presence",V1
First stable [first_stable],Yes in supplied public JSON export,BUILD or WALL placement commands plus initial owned objects,A plus B,"Select and count placement commands by normalized building type, coordinates and age window","High for construction orders; completion, cancellation and survival require simulation or explicit later evidence","timestamp, actor, building id, builder ids, x and y, wall endpoints, initial owned structures","Expansion, infrastructure, production capacity, fortification and spatial presence",V1
First mill [first_mill],Yes in supplied public JSON export,BUILD or WALL placement commands plus initial owned objects,A plus B,"Select and count placement commands by normalized building type, coordinates and age window","High for construction orders; completion, cancellation and survival require simulation or explicit later evidence","timestamp, actor, building id, builder ids, x and y, wall endpoints, initial owned structures","Expansion, infrastructure, production capacity, fortification and spatial presence",V1
First lumber camp [first_lumber_camp],Yes in supplied public JSON export,BUILD or WALL placement commands plus initial owned objects,A plus B,"Select and count placement commands by normalized building type, coordinates and age window","High for construction orders; completion, cancellation and survival require simulation or explicit later evidence","timestamp, actor, building id, builder ids, x and y, wall endpoints, initial owned structures","Expansion, infrastructure, production capacity, fortification and spatial presence",V1
First mining camp [first_mining_camp],Yes in supplied public JSON export,BUILD or WALL placement commands plus initial owned objects,A plus B,"Select and count placement commands by normalized building type, coordinates and age window","High for construction orders; completion, cancellation and survival require simulation or explicit later evidence","timestamp, actor, building id, builder ids, x and y, wall endpoints, initial owned structures","Expansion, infrastructure, production capacity, fortification and spatial presence",V1
First dock [first_dock],Yes in supplied public JSON export,BUILD or WALL placement commands plus initial owned objects,A plus B,"Select and count placement commands by normalized building type, coordinates and age window","High for construction orders; completion, cancellation and survival require simulation or explicit later evidence","timestamp, actor, building id, builder ids, x and y, wall endpoints, initial owned structures","Expansion, infrastructure, production capacity, fortification and spatial presence",V1
First house [first_house],Yes in supplied public JSON export,BUILD or WALL placement commands plus initial owned objects,A plus B,"Select and count placement commands by normalized building type, coordinates and age window","High for construction orders; completion, cancellation and survival require simulation or explicit later evidence","timestamp, actor, building id, builder ids, x and y, wall endpoints, initial owned structures","Expansion, infrastructure, production capacity, fortification and spatial presence",V1
Houses before feudal [houses_before_feudal],Yes in supplied public JSON export,Decoded replay command stream and versioned entity tables,B or C,Apply a documented aggregation or classification over canonical events,Definition-dependent; preserve evidence and calculation version,"timestamp, actor, action type, raw payload and normalized entity references","Reusable match, player and relationship analysis",V2
First scout command [first_scout_command],Yes in supplied public JSON export,Decoded replay command stream and versioned entity tables,B or C,Apply a documented aggregation or classification over canonical events,Definition-dependent; preserve evidence and calculation version,"timestamp, actor, action type, raw payload and normalized entity references","Reusable match, player and relationship analysis",V2
First wall [first_wall],Yes in supplied public JSON export,Decoded replay command stream and versioned entity tables,B or C,Apply a documented aggregation or classification over canonical events,Definition-dependent; preserve evidence and calculation version,"timestamp, actor, action type, raw payload and normalized entity references","Reusable match, player and relationship analysis",V2
Wall tiles before castle [wall_tiles_before_castle],Yes in supplied public JSON export,Decoded replay command stream and versioned entity tables,B or C,Apply a documented aggregation or classification over canonical events,Definition-dependent; preserve evidence and calculation version,"timestamp, actor, action type, raw payload and normalized entity references","Reusable match, player and relationship analysis",V2
Second town center [second_town_center],Yes in supplied public JSON export,BUILD or WALL placement commands plus initial owned objects,A plus B,"Select and count placement commands by normalized building type, coordinates and age window","High for construction orders; completion, cancellation and survival require simulation or explicit later evidence","timestamp, actor, building id, builder ids, x and y, wall endpoints, initial owned structures","Expansion, infrastructure, production capacity, fortification and spatial presence",V1
Dark age idle gap [dark_age_idle_gap],Yes in supplied public JSON export,"Command stream, queue commands and versioned time windows",C,"Apply a declared heuristic for continuity, deduplication, efficiency, opening classification or playstyle",Medium and definition-dependent; must retain evidence and model version,"timestamp, actor, action type, selected ids, entity ids, queue amounts, age intervals and map context","Execution fundamentals, stable playstyle models and per-match performance interpretation",V2 or Future
Villagers trained [villagers_trained],Yes in supplied public JSON export,DE_QUEUE or QUEUE commands plus external entity and cost tables,B with C where completion or attribution is implied,"Aggregate queue amounts by normalized unit, family, producer and time window; optionally price at pinned costs","High for queue intent; low to medium for actual trained units, producer allocation, live army or completion time","timestamp, actor, unit id, amount, selected producer ids, entity family, cost and train-time version","Military identity, production commitment, portrait inputs, economic growth and composition transitions",V1 queue truth; V2 derived identity
Villagers at 20min [villagers_at_20min],Yes in supplied public JSON export,DE_QUEUE or QUEUE commands plus external entity and cost tables,B with C where completion or attribution is implied,"Aggregate queue amounts by normalized unit, family, producer and time window; optionally price at pinned costs","High for queue intent; low to medium for actual trained units, producer allocation, live army or completion time","timestamp, actor, unit id, amount, selected producer ids, entity family, cost and train-time version","Military identity, production commitment, portrait inputs, economic growth and composition transitions",V1 queue truth; V2 derived identity
Villager rate dark age [villager_rate_dark_age],Yes in supplied public JSON export,DE_QUEUE or QUEUE commands plus external entity and cost tables,B with C where completion or attribution is implied,"Aggregate queue amounts by normalized unit, family, producer and time window; optionally price at pinned costs","High for queue intent; low to medium for actual trained units, producer allocation, live army or completion time","timestamp, actor, unit id, amount, selected producer ids, entity family, cost and train-time version","Military identity, production commitment, portrait inputs, economic growth and composition transitions",V1 queue truth; V2 derived identity
Tc idle dark age [tc_idle_dark_age],Yes in supplied public JSON export,"Command stream, queue commands and versioned time windows",C,"Apply a declared heuristic for continuity, deduplication, efficiency, opening classification or playstyle",Medium and definition-dependent; must retain evidence and model version,"timestamp, actor, action type, selected ids, entity ids, queue amounts, age intervals and map context","Execution fundamentals, stable playstyle models and per-match performance interpretation",V2 or Future
Tc utilization total [tc_utilization_total],Yes in supplied public JSON export,"Command stream, queue commands and versioned time windows",C,"Apply a declared heuristic for continuity, deduplication, efficiency, opening classification or playstyle",Medium and definition-dependent; must retain evidence and model version,"timestamp, actor, action type, selected ids, entity ids, queue amounts, age intervals and map context","Execution fundamentals, stable playstyle models and per-match performance interpretation",V2 or Future
Villager rate per tc [villager_rate_per_tc],Yes in supplied public JSON export,DE_QUEUE or QUEUE commands plus external entity and cost tables,B with C where completion or attribution is implied,"Aggregate queue amounts by normalized unit, family, producer and time window; optionally price at pinned costs","High for queue intent; low to medium for actual trained units, producer allocation, live army or completion time","timestamp, actor, unit id, amount, selected producer ids, entity family, cost and train-time version","Military identity, production commitment, portrait inputs, economic growth and composition transitions",V1 queue truth; V2 derived identity
Town center count [town_center_count],Yes in supplied public JSON export,BUILD or WALL placement commands plus initial owned objects,A plus B,"Select and count placement commands by normalized building type, coordinates and age window","High for construction orders; completion, cancellation and survival require simulation or explicit later evidence","timestamp, actor, building id, builder ids, x and y, wall endpoints, initial owned structures","Expansion, infrastructure, production capacity, fortification and spatial presence",V1
Third town center [third_town_center],Yes in supplied public JSON export,BUILD or WALL placement commands plus initial owned objects,A plus B,"Select and count placement commands by normalized building type, coordinates and age window","High for construction orders; completion, cancellation and survival require simulation or explicit later evidence","timestamp, actor, building id, builder ids, x and y, wall endpoints, initial owned structures","Expansion, infrastructure, production capacity, fortification and spatial presence",V1
Wheelbarrow time [wheelbarrow_time],Yes in supplied public JSON export,RESEARCH commands; system age messages where available; external research-time and availability tables,A for clicks and system age events; B or C for projected completion,"Select research starts, normalize technologies, use direct age-reached messages first and otherwise project completion with declared assumptions",High for click time; high for direct age messages; medium or lower for other completion times,"timestamp, actor, technology id, producer ids, system chat subtype, civilization and patch data","Age and upgrade timing, strategic commitment, execution and military transition inputs",V1
Hand cart time [hand_cart_time],Yes in supplied public JSON export,RESEARCH commands; system age messages where available; external research-time and availability tables,A for clicks and system age events; B or C for projected completion,"Select research starts, normalize technologies, use direct age-reached messages first and otherwise project completion with declared assumptions",High for click time; high for direct age messages; medium or lower for other completion times,"timestamp, actor, technology id, producer ids, system chat subtype, civilization and patch data","Age and upgrade timing, strategic commitment, execution and military transition inputs",V1
Horse collar time [horse_collar_time],Yes in supplied public JSON export,RESEARCH commands; system age messages where available; external research-time and availability tables,A for clicks and system age events; B or C for projected completion,"Select research starts, normalize technologies, use direct age-reached messages first and otherwise project completion with declared assumptions",High for click time; high for direct age messages; medium or lower for other completion times,"timestamp, actor, technology id, producer ids, system chat subtype, civilization and patch data","Age and upgrade timing, strategic commitment, execution and military transition inputs",V1
Double bit axe time [double_bit_axe_time],Yes in supplied public JSON export,RESEARCH commands; system age messages where available; external research-time and availability tables,A for clicks and system age events; B or C for projected completion,"Select research starts, normalize technologies, use direct age-reached messages first and otherwise project completion with declared assumptions",High for click time; high for direct age messages; medium or lower for other completion times,"timestamp, actor, technology id, producer ids, system chat subtype, civilization and patch data","Age and upgrade timing, strategic commitment, execution and military transition inputs",V1
Gold mining time [gold_mining_time],Yes in supplied public JSON export,RESEARCH commands; system age messages where available; external research-time and availability tables,A for clicks and system age events; B or C for projected completion,"Select research starts, normalize technologies, use direct age-reached messages first and otherwise project completion with declared assumptions",High for click time; high for direct age messages; medium or lower for other completion times,"timestamp, actor, technology id, producer ids, system chat subtype, civilization and patch data","Age and upgrade timing, strategic commitment, execution and military transition inputs",V1
Eco techs researched [eco_techs_researched],Yes in supplied public JSON export,"QUEUE, BUILD, RESEARCH, ORDER, BUY, SELL and TRIBUTE commands",B or C,"Aggregate economy-related command events into timings, counts or declared continuity proxies",High for command facts; medium or lower when the name implies completed production or live economy,"timestamp, actor, action type, entity and target ids, amounts, producer ids and coordinates","Economic development, infrastructure, market behavior and recovery fundamentals",V1 facts then V2 metrics
Farms built [farms_built],Yes in supplied public JSON export,BUILD or WALL placement commands plus initial owned objects,A plus B,"Select and count placement commands by normalized building type, coordinates and age window","High for construction orders; completion, cancellation and survival require simulation or explicit later evidence","timestamp, actor, building id, builder ids, x and y, wall endpoints, initial owned structures","Expansion, infrastructure, production capacity, fortification and spatial presence",V1
First farm [first_farm],Yes in supplied public JSON export,"QUEUE, BUILD, RESEARCH, ORDER, BUY, SELL and TRIBUTE commands",B or C,"Aggregate economy-related command events into timings, counts or declared continuity proxies",High for command facts; medium or lower when the name implies completed production or live economy,"timestamp, actor, action type, entity and target ids, amounts, producer ids and coordinates","Economic development, infrastructure, market behavior and recovery fundamentals",V1 facts then V2 metrics
Farms before horse collar [farms_before_horse_collar],Yes in supplied public JSON export,"QUEUE, BUILD, RESEARCH, ORDER, BUY, SELL and TRIBUTE commands",B or C,"Aggregate economy-related command events into timings, counts or declared continuity proxies",High for command facts; medium or lower when the name implies completed production or live economy,"timestamp, actor, action type, entity and target ids, amounts, producer ids and coordinates","Economic development, infrastructure, market behavior and recovery fundamentals",V1 facts then V2 metrics
Market time [market_time],Yes in supplied public JSON export,"BUY, SELL and RESEARCH commands",A plus B,Count market commands and amounts; select research clicks; reconstruct prices only if transaction semantics are validated,High for command count and amount; market price and successful execution need controlled tests,"timestamp, actor, resource id, amount, market object id, technology id","Market dependence, sling/support, resource-conversion behavior and economic timing",V1
Market transactions [market_transactions],Yes in supplied public JSON export,"BUY, SELL and RESEARCH commands",A plus B,Count market commands and amounts; select research clicks; reconstruct prices only if transaction semantics are validated,High for command count and amount; market price and successful execution need controlled tests,"timestamp, actor, resource id, amount, market object id, technology id","Market dependence, sling/support, resource-conversion behavior and economic timing",V1
Market volume [market_volume],Yes in supplied public JSON export,"BUY, SELL and RESEARCH commands",A plus B,Count market commands and amounts; select research clicks; reconstruct prices only if transaction semantics are validated,High for command count and amount; market price and successful execution need controlled tests,"timestamp, actor, resource id, amount, market object id, technology id","Market dependence, sling/support, resource-conversion behavior and economic timing",V1
Market first use [market_first_use],Yes in supplied public JSON export,"BUY, SELL and RESEARCH commands",A plus B,Count market commands and amounts; select research clicks; reconstruct prices only if transaction semantics are validated,High for command count and amount; market price and successful execution need controlled tests,"timestamp, actor, resource id, amount, market object id, technology id","Market dependence, sling/support, resource-conversion behavior and economic timing",V1
Market sells [market_sells],Yes in supplied public JSON export,"BUY, SELL and RESEARCH commands",A plus B,Count market commands and amounts; select research clicks; reconstruct prices only if transaction semantics are validated,High for command count and amount; market price and successful execution need controlled tests,"timestamp, actor, resource id, amount, market object id, technology id","Market dependence, sling/support, resource-conversion behavior and economic timing",V1
Market buys [market_buys],Yes in supplied public JSON export,"BUY, SELL and RESEARCH commands",A plus B,Count market commands and amounts; select research clicks; reconstruct prices only if transaction semantics are validated,High for command count and amount; market price and successful execution need controlled tests,"timestamp, actor, resource id, amount, market object id, technology id","Market dependence, sling/support, resource-conversion behavior and economic timing",V1
Spend total [spend_total],Yes in supplied public JSON export,"QUEUE, BUILD, WALL and RESEARCH commands plus versioned game-data costs",B,Price recorded commands at patch and civilization-adjusted costs and aggregate gross commitments by resource and purpose,"Medium to high for planned gross commitment; not resource collection, bank balance, affordability, refund or net spend","timestamp, entity ids, amounts, costs, civilization modifiers, cancellation events and wall length","Greed versus military commitment, timing investment and economic recovery inputs",V1 gross commitments; V2 net model
Spend food [spend_food],Yes in supplied public JSON export,"QUEUE, BUILD, WALL and RESEARCH commands plus versioned game-data costs",B,Price recorded commands at patch and civilization-adjusted costs and aggregate gross commitments by resource and purpose,"Medium to high for planned gross commitment; not resource collection, bank balance, affordability, refund or net spend","timestamp, entity ids, amounts, costs, civilization modifiers, cancellation events and wall length","Greed versus military commitment, timing investment and economic recovery inputs",V1 gross commitments; V2 net model
Spend wood [spend_wood],Yes in supplied public JSON export,"QUEUE, BUILD, WALL and RESEARCH commands plus versioned game-data costs",B,Price recorded commands at patch and civilization-adjusted costs and aggregate gross commitments by resource and purpose,"Medium to high for planned gross commitment; not resource collection, bank balance, affordability, refund or net spend","timestamp, entity ids, amounts, costs, civilization modifiers, cancellation events and wall length","Greed versus military commitment, timing investment and economic recovery inputs",V1 gross commitments; V2 net model
Spend gold [spend_gold],Yes in supplied public JSON export,"QUEUE, BUILD, WALL and RESEARCH commands plus versioned game-data costs",B,Price recorded commands at patch and civilization-adjusted costs and aggregate gross commitments by resource and purpose,"Medium to high for planned gross commitment; not resource collection, bank balance, affordability, refund or net spend","timestamp, entity ids, amounts, costs, civilization modifiers, cancellation events and wall length","Greed versus military commitment, timing investment and economic recovery inputs",V1 gross commitments; V2 net model
Spend stone [spend_stone],Yes in supplied public JSON export,"QUEUE, BUILD, WALL and RESEARCH commands plus versioned game-data costs",B,Price recorded commands at patch and civilization-adjusted costs and aggregate gross commitments by resource and purpose,"Medium to high for planned gross commitment; not resource collection, bank balance, affordability, refund or net spend","timestamp, entity ids, amounts, costs, civilization modifiers, cancellation events and wall length","Greed versus military commitment, timing investment and economic recovery inputs",V1 gross commitments; V2 net model
Spend rate [spend_rate],Yes in supplied public JSON export,"QUEUE, BUILD, WALL and RESEARCH commands plus versioned game-data costs",B,Price recorded commands at patch and civilization-adjusted costs and aggregate gross commitments by resource and purpose,"Medium to high for planned gross commitment; not resource collection, bank balance, affordability, refund or net spend","timestamp, entity ids, amounts, costs, civilization modifiers, cancellation events and wall length","Greed versus military commitment, timing investment and economic recovery inputs",V1 gross commitments; V2 net model
Eco spend share [eco_spend_share],Yes in supplied public JSON export,"QUEUE, BUILD, WALL and RESEARCH commands plus versioned game-data costs",B,Price recorded commands at patch and civilization-adjusted costs and aggregate gross commitments by resource and purpose,"Medium to high for planned gross commitment; not resource collection, bank balance, affordability, refund or net spend","timestamp, entity ids, amounts, costs, civilization modifiers, cancellation events and wall length","Greed versus military commitment, timing investment and economic recovery inputs",V1 gross commitments; V2 net model
Eco military ratio 15min [eco_military_ratio_15min],Yes in supplied public JSON export,"QUEUE, BUILD, WALL and RESEARCH commands plus versioned game-data costs",B,Price recorded commands at patch and civilization-adjusted costs and aggregate gross commitments by resource and purpose,"Medium to high for planned gross commitment; not resource collection, bank balance, affordability, refund or net spend","timestamp, entity ids, amounts, costs, civilization modifiers, cancellation events and wall length","Greed versus military commitment, timing investment and economic recovery inputs",V1 gross commitments; V2 net model
Fishing ships trained [fishing_ships_trained],Yes in supplied public JSON export,DE_QUEUE or QUEUE commands plus external entity and cost tables,B with C where completion or attribution is implied,"Aggregate queue amounts by normalized unit, family, producer and time window; optionally price at pinned costs","High for queue intent; low to medium for actual trained units, producer allocation, live army or completion time","timestamp, actor, unit id, amount, selected producer ids, entity family, cost and train-time version","Military identity, production commitment, portrait inputs, economic growth and composition transitions",V1 queue truth; V2 derived identity
Eco buildings built [eco_buildings_built],Yes in supplied public JSON export,BUILD or WALL placement commands plus initial owned objects,A plus B,"Select and count placement commands by normalized building type, coordinates and age window","High for construction orders; completion, cancellation and survival require simulation or explicit later evidence","timestamp, actor, building id, builder ids, x and y, wall endpoints, initial owned structures","Expansion, infrastructure, production capacity, fortification and spatial presence",V1
Houses built [houses_built],Yes in supplied public JSON export,BUILD or WALL placement commands plus initial owned objects,A plus B,"Select and count placement commands by normalized building type, coordinates and age window","High for construction orders; completion, cancellation and survival require simulation or explicit later evidence","timestamp, actor, building id, builder ids, x and y, wall endpoints, initial owned structures","Expansion, infrastructure, production capacity, fortification and spatial presence",V1
Early supply buffer [early_supply_buffer],Yes in supplied public JSON export,"QUEUE, BUILD, RESEARCH, ORDER, BUY, SELL and TRIBUTE commands",B or C,"Aggregate economy-related command events into timings, counts or declared continuity proxies",High for command facts; medium or lower when the name implies completed production or live economy,"timestamp, actor, action type, entity and target ids, amounts, producer ids and coordinates","Economic development, infrastructure, market behavior and recovery fundamentals",V1 facts then V2 metrics
Military units trained [military_units_trained],Yes in supplied public JSON export,DE_QUEUE or QUEUE commands plus external entity and cost tables,B with C where completion or attribution is implied,"Aggregate queue amounts by normalized unit, family, producer and time window; optionally price at pinned costs","High for queue intent; low to medium for actual trained units, producer allocation, live army or completion time","timestamp, actor, unit id, amount, selected producer ids, entity family, cost and train-time version","Military identity, production commitment, portrait inputs, economic growth and composition transitions",V1 queue truth; V2 derived identity
Military spend [military_spend],Yes in supplied public JSON export,"QUEUE, BUILD, WALL and RESEARCH commands plus versioned game-data costs",B,Price recorded commands at patch and civilization-adjusted costs and aggregate gross commitments by resource and purpose,"Medium to high for planned gross commitment; not resource collection, bank balance, affordability, refund or net spend","timestamp, entity ids, amounts, costs, civilization modifiers, cancellation events and wall length","Greed versus military commitment, timing investment and economic recovery inputs",V1 gross commitments; V2 net model
First military building [first_military_building],Yes in supplied public JSON export,BUILD or WALL placement commands plus initial owned objects,A plus B,"Select and count placement commands by normalized building type, coordinates and age window","High for construction orders; completion, cancellation and survival require simulation or explicit later evidence","timestamp, actor, building id, builder ids, x and y, wall endpoints, initial owned structures","Expansion, infrastructure, production capacity, fortification and spatial presence",V1
Military buildings total [military_buildings_total],Yes in supplied public JSON export,BUILD or WALL placement commands plus initial owned objects,A plus B,"Select and count placement commands by normalized building type, coordinates and age window","High for construction orders; completion, cancellation and survival require simulation or explicit later evidence","timestamp, actor, building id, builder ids, x and y, wall endpoints, initial owned structures","Expansion, infrastructure, production capacity, fortification and spatial presence",V1
Military buildings at castle [military_buildings_at_castle],Yes in supplied public JSON export,BUILD or WALL placement commands plus initial owned objects,A plus B,"Select and count placement commands by normalized building type, coordinates and age window","High for construction orders; completion, cancellation and survival require simulation or explicit later evidence","timestamp, actor, building id, builder ids, x and y, wall endpoints, initial owned structures","Expansion, infrastructure, production capacity, fortification and spatial presence",V1
Composition diversity [composition_diversity],Yes in supplied public JSON export,DE_QUEUE or QUEUE commands plus external entity and cost tables,B with C where completion or attribution is implied,"Aggregate queue amounts by normalized unit, family, producer and time window; optionally price at pinned costs","High for queue intent; low to medium for actual trained units, producer allocation, live army or completion time","timestamp, actor, unit id, amount, selected producer ids, entity family, cost and train-time version","Military identity, production commitment, portrait inputs, economic growth and composition transitions",V1 queue truth; V2 derived identity
Dominant unit class [dominant_unit_class],Yes in supplied public JSON export,DE_QUEUE or QUEUE commands plus external entity and cost tables,B with C where completion or attribution is implied,"Aggregate queue amounts by normalized unit, family, producer and time window; optionally price at pinned costs","High for queue intent; low to medium for actual trained units, producer allocation, live army or completion time","timestamp, actor, unit id, amount, selected producer ids, entity family, cost and train-time version","Military identity, production commitment, portrait inputs, economic growth and composition transitions",V1 queue truth; V2 derived identity
Dominant unit [dominant_unit],Yes in supplied public JSON export,DE_QUEUE or QUEUE commands plus external entity and cost tables,B with C where completion or attribution is implied,"Aggregate queue amounts by normalized unit, family, producer and time window; optionally price at pinned costs","High for queue intent; low to medium for actual trained units, producer allocation, live army or completion time","timestamp, actor, unit id, amount, selected producer ids, entity family, cost and train-time version","Military identity, production commitment, portrait inputs, economic growth and composition transitions",V1 queue truth; V2 derived identity
Infantry trained [infantry_trained],Yes in supplied public JSON export,DE_QUEUE or QUEUE commands plus external entity and cost tables,B with C where completion or attribution is implied,"Aggregate queue amounts by normalized unit, family, producer and time window; optionally price at pinned costs","High for queue intent; low to medium for actual trained units, producer allocation, live army or completion time","timestamp, actor, unit id, amount, selected producer ids, entity family, cost and train-time version","Military identity, production commitment, portrait inputs, economic growth and composition transitions",V1 queue truth; V2 derived identity
Archers trained [archers_trained],Yes in supplied public JSON export,DE_QUEUE or QUEUE commands plus external entity and cost tables,B with C where completion or attribution is implied,"Aggregate queue amounts by normalized unit, family, producer and time window; optionally price at pinned costs","High for queue intent; low to medium for actual trained units, producer allocation, live army or completion time","timestamp, actor, unit id, amount, selected producer ids, entity family, cost and train-time version","Military identity, production commitment, portrait inputs, economic growth and composition transitions",V1 queue truth; V2 derived identity
Cavalry trained [cavalry_trained],Yes in supplied public JSON export,DE_QUEUE or QUEUE commands plus external entity and cost tables,B with C where completion or attribution is implied,"Aggregate queue amounts by normalized unit, family, producer and time window; optionally price at pinned costs","High for queue intent; low to medium for actual trained units, producer allocation, live army or completion time","timestamp, actor, unit id, amount, selected producer ids, entity family, cost and train-time version","Military identity, production commitment, portrait inputs, economic growth and composition transitions",V1 queue truth; V2 derived identity
Siege trained [siege_trained],Yes in supplied public JSON export,DE_QUEUE or QUEUE commands plus external entity and cost tables,B with C where completion or attribution is implied,"Aggregate queue amounts by normalized unit, family, producer and time window; optionally price at pinned costs","High for queue intent; low to medium for actual trained units, producer allocation, live army or completion time","timestamp, actor, unit id, amount, selected producer ids, entity family, cost and train-time version","Military identity, production commitment, portrait inputs, economic growth and composition transitions",V1 queue truth; V2 derived identity
Monks trained [monks_trained],Yes in supplied public JSON export,DE_QUEUE or QUEUE commands plus external entity and cost tables,B with C where completion or attribution is implied,"Aggregate queue amounts by normalized unit, family, producer and time window; optionally price at pinned costs","High for queue intent; low to medium for actual trained units, producer allocation, live army or completion time","timestamp, actor, unit id, amount, selected producer ids, entity family, cost and train-time version","Military identity, production commitment, portrait inputs, economic growth and composition transitions",V1 queue truth; V2 derived identity
Warships trained [warships_trained],Yes in supplied public JSON export,DE_QUEUE or QUEUE commands plus external entity and cost tables,B with C where completion or attribution is implied,"Aggregate queue amounts by normalized unit, family, producer and time window; optionally price at pinned costs","High for queue intent; low to medium for actual trained units, producer allocation, live army or completion time","timestamp, actor, unit id, amount, selected producer ids, entity family, cost and train-time version","Military identity, production commitment, portrait inputs, economic growth and composition transitions",V1 queue truth; V2 derived identity
Gunpowder trained [gunpowder_trained],Yes in supplied public JSON export,DE_QUEUE or QUEUE commands plus external entity and cost tables,B with C where completion or attribution is implied,"Aggregate queue amounts by normalized unit, family, producer and time window; optionally price at pinned costs","High for queue intent; low to medium for actual trained units, producer allocation, live army or completion time","timestamp, actor, unit id, amount, selected producer ids, entity family, cost and train-time version","Military identity, production commitment, portrait inputs, economic growth and composition transitions",V1 queue truth; V2 derived identity
Trebuchets trained [trebuchets_trained],Yes in supplied public JSON export,DE_QUEUE or QUEUE commands plus external entity and cost tables,B with C where completion or attribution is implied,"Aggregate queue amounts by normalized unit, family, producer and time window; optionally price at pinned costs","High for queue intent; low to medium for actual trained units, producer allocation, live army or completion time","timestamp, actor, unit id, amount, selected producer ids, entity family, cost and train-time version","Military identity, production commitment, portrait inputs, economic growth and composition transitions",V1 queue truth; V2 derived identity
First siege [first_siege],Yes in supplied public JSON export,DE_QUEUE or QUEUE commands plus external entity and cost tables,B with C where completion or attribution is implied,"Aggregate queue amounts by normalized unit, family, producer and time window; optionally price at pinned costs","High for queue intent; low to medium for actual trained units, producer allocation, live army or completion time","timestamp, actor, unit id, amount, selected producer ids, entity family, cost and train-time version","Military identity, production commitment, portrait inputs, economic growth and composition transitions",V1 queue truth; V2 derived identity
Blacksmith upgrades [blacksmith_upgrades],Yes in supplied public JSON export,RESEARCH commands; system age messages where available; external research-time and availability tables,A for clicks and system age events; B or C for projected completion,"Select research starts, normalize technologies, use direct age-reached messages first and otherwise project completion with declared assumptions",High for click time; high for direct age messages; medium or lower for other completion times,"timestamp, actor, technology id, producer ids, system chat subtype, civilization and patch data","Age and upgrade timing, strategic commitment, execution and military transition inputs",V1
First blacksmith upgrade [first_blacksmith_upgrade],Yes in supplied public JSON export,Decoded replay command stream and versioned entity tables,B or C,Apply a documented aggregation or classification over canonical events,Definition-dependent; preserve evidence and calculation version,"timestamp, actor, action type, raw payload and normalized entity references","Reusable match, player and relationship analysis",V2
Attack upgrades 20min [attack_upgrades_20min],Yes in supplied public JSON export,RESEARCH commands; system age messages where available; external research-time and availability tables,A for clicks and system age events; B or C for projected completion,"Select research starts, normalize technologies, use direct age-reached messages first and otherwise project completion with declared assumptions",High for click time; high for direct age messages; medium or lower for other completion times,"timestamp, actor, technology id, producer ids, system chat subtype, civilization and patch data","Age and upgrade timing, strategic commitment, execution and military transition inputs",V1
Armor upgrades 20min [armor_upgrades_20min],Yes in supplied public JSON export,RESEARCH commands; system age messages where available; external research-time and availability tables,A for clicks and system age events; B or C for projected completion,"Select research starts, normalize technologies, use direct age-reached messages first and otherwise project completion with declared assumptions",High for click time; high for direct age messages; medium or lower for other completion times,"timestamp, actor, technology id, producer ids, system chat subtype, civilization and patch data","Age and upgrade timing, strategic commitment, execution and military transition inputs",V1
Upgrade lag dominant line [upgrade_lag_dominant_line],Yes in supplied public JSON export,Decoded replay command stream and versioned entity tables,B or C,Apply a documented aggregation or classification over canonical events,Definition-dependent; preserve evidence and calculation version,"timestamp, actor, action type, raw payload and normalized entity references","Reusable match, player and relationship analysis",V2
Unit line upgrades [unit_line_upgrades],Yes in supplied public JSON export,RESEARCH commands; system age messages where available; external research-time and availability tables,A for clicks and system age events; B or C for projected completion,"Select research starts, normalize technologies, use direct age-reached messages first and otherwise project completion with declared assumptions",High for click time; high for direct age messages; medium or lower for other completion times,"timestamp, actor, technology id, producer ids, system chat subtype, civilization and patch data","Age and upgrade timing, strategic commitment, execution and military transition inputs",V1
University techs [university_techs],Yes in supplied public JSON export,RESEARCH commands; system age messages where available; external research-time and availability tables,A for clicks and system age events; B or C for projected completion,"Select research starts, normalize technologies, use direct age-reached messages first and otherwise project completion with declared assumptions",High for click time; high for direct age messages; medium or lower for other completion times,"timestamp, actor, technology id, producer ids, system chat subtype, civilization and patch data","Age and upgrade timing, strategic commitment, execution and military transition inputs",V1
Ballistics time [ballistics_time],Yes in supplied public JSON export,RESEARCH commands; system age messages where available; external research-time and availability tables,A for clicks and system age events; B or C for projected completion,"Select research starts, normalize technologies, use direct age-reached messages first and otherwise project completion with declared assumptions",High for click time; high for direct age messages; medium or lower for other completion times,"timestamp, actor, technology id, producer ids, system chat subtype, civilization and patch data","Age and upgrade timing, strategic commitment, execution and military transition inputs",V1
Bloodlines time [bloodlines_time],Yes in supplied public JSON export,RESEARCH commands; system age messages where available; external research-time and availability tables,A for clicks and system age events; B or C for projected completion,"Select research starts, normalize technologies, use direct age-reached messages first and otherwise project completion with declared assumptions",High for click time; high for direct age messages; medium or lower for other completion times,"timestamp, actor, technology id, producer ids, system chat subtype, civilization and patch data","Age and upgrade timing, strategic commitment, execution and military transition inputs",V1
Thumb ring time [thumb_ring_time],Yes in supplied public JSON export,RESEARCH commands; system age messages where available; external research-time and availability tables,A for clicks and system age events; B or C for projected completion,"Select research starts, normalize technologies, use direct age-reached messages first and otherwise project completion with declared assumptions",High for click time; high for direct age messages; medium or lower for other completion times,"timestamp, actor, technology id, producer ids, system chat subtype, civilization and patch data","Age and upgrade timing, strategic commitment, execution and military transition inputs",V1
Castles built [castles_built],Yes in supplied public JSON export,BUILD or WALL placement commands plus initial owned objects,A plus B,"Select and count placement commands by normalized building type, coordinates and age window","High for construction orders; completion, cancellation and survival require simulation or explicit later evidence","timestamp, actor, building id, builder ids, x and y, wall endpoints, initial owned structures","Expansion, infrastructure, production capacity, fortification and spatial presence",V1
First castle [first_castle],Yes in supplied public JSON export,BUILD or WALL placement commands plus initial owned objects,A plus B,"Select and count placement commands by normalized building type, coordinates and age window","High for construction orders; completion, cancellation and survival require simulation or explicit later evidence","timestamp, actor, building id, builder ids, x and y, wall endpoints, initial owned structures","Expansion, infrastructure, production capacity, fortification and spatial presence",V1
Tech switches [tech_switches],Yes in supplied public JSON export,DE_QUEUE or QUEUE commands plus external entity and cost tables,B with C where completion or attribution is implied,"Aggregate queue amounts by normalized unit, family, producer and time window; optionally price at pinned costs","High for queue intent; low to medium for actual trained units, producer allocation, live army or completion time","timestamp, actor, unit id, amount, selected producer ids, entity family, cost and train-time version","Military identity, production commitment, portrait inputs, economic growth and composition transitions",V1 queue truth; V2 derived identity
Army value before first fight [army_value_before_first_fight],Yes in supplied public JSON export,"MOVE, ORDER, PATROL, attack commands, command coordinates, initial player anchors and terrain",C,"Cluster hostile-looking commands in time and space, assign participants and compare later response or overlap windows","Medium at best; detects command activity, not damage, deaths, fight outcome or actual unit position","timestamp, actor, action type, selected ids, target id, x and y, terrain, diplomacy-at-time","Pairwise aggression graph, pressure history, response proxies, performance and rivalry inputs",V2
Production intensity castle age [production_intensity_castle_age],Yes in supplied public JSON export,DE_QUEUE or QUEUE commands plus external entity and cost tables,B with C where completion or attribution is implied,"Aggregate queue amounts by normalized unit, family, producer and time window; optionally price at pinned costs","High for queue intent; low to medium for actual trained units, producer allocation, live army or completion time","timestamp, actor, unit id, amount, selected producer ids, entity family, cost and train-time version","Military identity, production commitment, portrait inputs, economic growth and composition transitions",V1 queue truth; V2 derived identity
Fights count [fights_count],Yes in supplied public JSON export,"MOVE, ORDER, PATROL, attack commands, command coordinates, initial player anchors and terrain",C,"Cluster hostile-looking commands in time and space, assign participants and compare later response or overlap windows","Medium at best; detects command activity, not damage, deaths, fight outcome or actual unit position","timestamp, actor, action type, selected ids, target id, x and y, terrain, diplomacy-at-time","Pairwise aggression graph, pressure history, response proxies, performance and rivalry inputs",V2
First fight [first_fight],Yes in supplied public JSON export,"MOVE, ORDER, PATROL, attack commands, command coordinates, initial player anchors and terrain",C,"Cluster hostile-looking commands in time and space, assign participants and compare later response or overlap windows","Medium at best; detects command activity, not damage, deaths, fight outcome or actual unit position","timestamp, actor, action type, selected ids, target id, x and y, terrain, diplomacy-at-time","Pairwise aggression graph, pressure history, response proxies, performance and rivalry inputs",V2
Total fight time [total_fight_time],Yes in supplied public JSON export,"MOVE, ORDER, PATROL, attack commands, command coordinates, initial player anchors and terrain",C,"Cluster hostile-looking commands in time and space, assign participants and compare later response or overlap windows","Medium at best; detects command activity, not damage, deaths, fight outcome or actual unit position","timestamp, actor, action type, selected ids, target id, x and y, terrain, diplomacy-at-time","Pairwise aggression graph, pressure history, response proxies, performance and rivalry inputs",V2
Fight command share [fight_command_share],Yes in supplied public JSON export,"MOVE, ORDER, PATROL, attack commands, command coordinates, initial player anchors and terrain",C,"Cluster hostile-looking commands in time and space, assign participants and compare later response or overlap windows","Medium at best; detects command activity, not damage, deaths, fight outcome or actual unit position","timestamp, actor, action type, selected ids, target id, x and y, terrain, diplomacy-at-time","Pairwise aggression graph, pressure history, response proxies, performance and rivalry inputs",V2
Apm in fights [apm_in_fights],Yes in supplied public JSON export,"MOVE, ORDER, PATROL, attack commands, command coordinates, initial player anchors and terrain",C,"Cluster hostile-looking commands in time and space, assign participants and compare later response or overlap windows","Medium at best; detects command activity, not damage, deaths, fight outcome or actual unit position","timestamp, actor, action type, selected ids, target id, x and y, terrain, diplomacy-at-time","Pairwise aggression graph, pressure history, response proxies, performance and rivalry inputs",V2
Eco actions during fights [eco_actions_during_fights],Yes in supplied public JSON export,"MOVE, ORDER, PATROL, attack commands, command coordinates, initial player anchors and terrain",C,"Cluster hostile-looking commands in time and space, assign participants and compare later response or overlap windows","Medium at best; detects command activity, not damage, deaths, fight outcome or actual unit position","timestamp, actor, action type, selected ids, target id, x and y, terrain, diplomacy-at-time","Pairwise aggression graph, pressure history, response proxies, performance and rivalry inputs",V2
Formations set [formations_set],Yes in supplied public JSON export,"Explicit combat-control commands such as PATROL, ATTACK_GROUND, DE_ATTACK_MOVE, stance, formation, garrison and repair",B,"Count or normalize explicit command types, optionally divide by queue-derived unit families",High for command counts; low for combat effectiveness,"timestamp, actor, action type, selected ids, target ids and coordinates",Army-control habits and execution fundamentals,V1 counts then V2 interpretation
Preferred formation [preferred_formation],Yes in supplied public JSON export,"Explicit combat-control commands such as PATROL, ATTACK_GROUND, DE_ATTACK_MOVE, stance, formation, garrison and repair",B,"Count or normalize explicit command types, optionally divide by queue-derived unit families",High for command counts; low for combat effectiveness,"timestamp, actor, action type, selected ids, target ids and coordinates",Army-control habits and execution fundamentals,V1 counts then V2 interpretation
Stance changes [stance_changes],Yes in supplied public JSON export,"Explicit combat-control commands such as PATROL, ATTACK_GROUND, DE_ATTACK_MOVE, stance, formation, garrison and repair",B,"Count or normalize explicit command types, optionally divide by queue-derived unit families",High for command counts; low for combat effectiveness,"timestamp, actor, action type, selected ids, target ids and coordinates",Army-control habits and execution fundamentals,V1 counts then V2 interpretation
Patrol commands [patrol_commands],Yes in supplied public JSON export,"Explicit combat-control commands such as PATROL, ATTACK_GROUND, DE_ATTACK_MOVE, stance, formation, garrison and repair",B,"Count or normalize explicit command types, optionally divide by queue-derived unit families",High for command counts; low for combat effectiveness,"timestamp, actor, action type, selected ids, target ids and coordinates",Army-control habits and execution fundamentals,V1 counts then V2 interpretation
Attack ground commands [attack_ground_commands],Yes in supplied public JSON export,"Explicit combat-control commands such as PATROL, ATTACK_GROUND, DE_ATTACK_MOVE, stance, formation, garrison and repair",B,"Count or normalize explicit command types, optionally divide by queue-derived unit families",High for command counts; low for combat effectiveness,"timestamp, actor, action type, selected ids, target ids and coordinates",Army-control habits and execution fundamentals,V1 counts then V2 interpretation
Attack move commands [attack_move_commands],Yes in supplied public JSON export,"Explicit combat-control commands such as PATROL, ATTACK_GROUND, DE_ATTACK_MOVE, stance, formation, garrison and repair",B,"Count or normalize explicit command types, optionally divide by queue-derived unit families",High for command counts; low for combat effectiveness,"timestamp, actor, action type, selected ids, target ids and coordinates",Army-control habits and execution fundamentals,V1 counts then V2 interpretation
Garrison commands [garrison_commands],Yes in supplied public JSON export,"Explicit combat-control commands such as PATROL, ATTACK_GROUND, DE_ATTACK_MOVE, stance, formation, garrison and repair",B,"Count or normalize explicit command types, optionally divide by queue-derived unit families",High for command counts; low for combat effectiveness,"timestamp, actor, action type, selected ids, target ids and coordinates",Army-control habits and execution fundamentals,V1 counts then V2 interpretation
Ungarrison commands [ungarrison_commands],Yes in supplied public JSON export,"Explicit combat-control commands such as PATROL, ATTACK_GROUND, DE_ATTACK_MOVE, stance, formation, garrison and repair",B,"Count or normalize explicit command types, optionally divide by queue-derived unit families",High for command counts; low for combat effectiveness,"timestamp, actor, action type, selected ids, target ids and coordinates",Army-control habits and execution fundamentals,V1 counts then V2 interpretation
Back to work commands [back_to_work_commands],Yes in supplied public JSON export,"Explicit combat-control commands such as PATROL, ATTACK_GROUND, DE_ATTACK_MOVE, stance, formation, garrison and repair",B,"Count or normalize explicit command types, optionally divide by queue-derived unit families",High for command counts; low for combat effectiveness,"timestamp, actor, action type, selected ids, target ids and coordinates",Army-control habits and execution fundamentals,V1 counts then V2 interpretation
Deletions [deletions],Yes in supplied public JSON export,"Explicit combat-control commands such as PATROL, ATTACK_GROUND, DE_ATTACK_MOVE, stance, formation, garrison and repair",B,"Count or normalize explicit command types, optionally divide by queue-derived unit families",High for command counts; low for combat effectiveness,"timestamp, actor, action type, selected ids, target ids and coordinates",Army-control habits and execution fundamentals,V1 counts then V2 interpretation
Stop commands [stop_commands],Yes in supplied public JSON export,"Explicit combat-control commands such as PATROL, ATTACK_GROUND, DE_ATTACK_MOVE, stance, formation, garrison and repair",B,"Count or normalize explicit command types, optionally divide by queue-derived unit families",High for command counts; low for combat effectiveness,"timestamp, actor, action type, selected ids, target ids and coordinates",Army-control habits and execution fundamentals,V1 counts then V2 interpretation
Raids suffered [raids_suffered],Yes in supplied public JSON export,"MOVE, ORDER, PATROL, attack commands, command coordinates, initial player anchors and terrain",C,"Cluster hostile-looking commands in time and space, assign participants and compare later response or overlap windows","Medium at best; detects command activity, not damage, deaths, fight outcome or actual unit position","timestamp, actor, action type, selected ids, target id, x and y, terrain, diplomacy-at-time","Pairwise aggression graph, pressure history, response proxies, performance and rivalry inputs",V2
Raid response time [raid_response_time],Yes in supplied public JSON export,"MOVE, ORDER, PATROL, attack commands, command coordinates, initial player anchors and terrain",C,"Cluster hostile-looking commands in time and space, assign participants and compare later response or overlap windows","Medium at best; detects command activity, not damage, deaths, fight outcome or actual unit position","timestamp, actor, action type, selected ids, target id, x and y, terrain, diplomacy-at-time","Pairwise aggression graph, pressure history, response proxies, performance and rivalry inputs",V2
Raids initiated [raids_initiated],Yes in supplied public JSON export,"MOVE, ORDER, PATROL, attack commands, command coordinates, initial player anchors and terrain",C,"Cluster hostile-looking commands in time and space, assign participants and compare later response or overlap windows","Medium at best; detects command activity, not damage, deaths, fight outcome or actual unit position","timestamp, actor, action type, selected ids, target id, x and y, terrain, diplomacy-at-time","Pairwise aggression graph, pressure history, response proxies, performance and rivalry inputs",V2
Micro intensity [micro_intensity],Yes in supplied public JSON export,"MOVE, ORDER, PATROL, attack commands, command coordinates, initial player anchors and terrain",C,"Cluster hostile-looking commands in time and space, assign participants and compare later response or overlap windows","Medium at best; detects command activity, not damage, deaths, fight outcome or actual unit position","timestamp, actor, action type, selected ids, target id, x and y, terrain, diplomacy-at-time","Pairwise aggression graph, pressure history, response proxies, performance and rivalry inputs",V2
Army matchup [army_matchup],Yes in supplied public JSON export,"MOVE, ORDER, PATROL, attack commands, command coordinates, initial player anchors and terrain",C,"Cluster hostile-looking commands in time and space, assign participants and compare later response or overlap windows","Medium at best; detects command activity, not damage, deaths, fight outcome or actual unit position","timestamp, actor, action type, selected ids, target id, x and y, terrain, diplomacy-at-time","Pairwise aggression graph, pressure history, response proxies, performance and rivalry inputs",V2
Army matchup margin [army_matchup_margin],Yes in supplied public JSON export,"MOVE, ORDER, PATROL, attack commands, command coordinates, initial player anchors and terrain",C,"Cluster hostile-looking commands in time and space, assign participants and compare later response or overlap windows","Medium at best; detects command activity, not damage, deaths, fight outcome or actual unit position","timestamp, actor, action type, selected ids, target id, x and y, terrain, diplomacy-at-time","Pairwise aggression graph, pressure history, response proxies, performance and rivalry inputs",V2
Missing upgrade [missing_upgrade],Yes in supplied public JSON export,"MOVE, ORDER, PATROL, attack commands, command coordinates, initial player anchors and terrain",C,"Cluster hostile-looking commands in time and space, assign participants and compare later response or overlap windows","Medium at best; detects command activity, not damage, deaths, fight outcome or actual unit position","timestamp, actor, action type, selected ids, target id, x and y, terrain, diplomacy-at-time","Pairwise aggression graph, pressure history, response proxies, performance and rivalry inputs",V2
Missing upgrade gain [missing_upgrade_gain],Yes in supplied public JSON export,"MOVE, ORDER, PATROL, attack commands, command coordinates, initial player anchors and terrain",C,"Cluster hostile-looking commands in time and space, assign participants and compare later response or overlap windows","Medium at best; detects command activity, not damage, deaths, fight outcome or actual unit position","timestamp, actor, action type, selected ids, target id, x and y, terrain, diplomacy-at-time","Pairwise aggression graph, pressure history, response proxies, performance and rivalry inputs",V2
Upgrade deficit family [upgrade_deficit_family],Yes in supplied public JSON export,"MOVE, ORDER, PATROL, attack commands, command coordinates, initial player anchors and terrain",C,"Cluster hostile-looking commands in time and space, assign participants and compare later response or overlap windows","Medium at best; detects command activity, not damage, deaths, fight outcome or actual unit position","timestamp, actor, action type, selected ids, target id, x and y, terrain, diplomacy-at-time","Pairwise aggression graph, pressure history, response proxies, performance and rivalry inputs",V2
Fights on low ground [fights_on_low_ground],Yes in supplied public JSON export,"MOVE, ORDER, PATROL, attack commands, command coordinates, initial player anchors and terrain",C,"Cluster hostile-looking commands in time and space, assign participants and compare later response or overlap windows","Medium at best; detects command activity, not damage, deaths, fight outcome or actual unit position","timestamp, actor, action type, selected ids, target id, x and y, terrain, diplomacy-at-time","Pairwise aggression graph, pressure history, response proxies, performance and rivalry inputs",V2
Fight elevation delta [fight_elevation_delta],Yes in supplied public JSON export,"MOVE, ORDER, PATROL, attack commands, command coordinates, initial player anchors and terrain",C,"Cluster hostile-looking commands in time and space, assign participants and compare later response or overlap windows","Medium at best; detects command activity, not damage, deaths, fight outcome or actual unit position","timestamp, actor, action type, selected ids, target id, x and y, terrain, diplomacy-at-time","Pairwise aggression graph, pressure history, response proxies, performance and rivalry inputs",V2
Forward buildings [forward_buildings],Yes in supplied public JSON export,"Initial map tiles and objects plus BUILD, WALL and command coordinates",B or C,"Compute geometry relative to versioned start anchors, player regions, map halves or resource clusters","High for raw geometry; medium for labels such as forward, control, scouting or team role","map dimensions, terrain, elevation, initial objects, player anchors, action coordinates, building ids","Map presence, expansion, territorial pressure, defensive posture and pairwise spatial activity",V1 fundamentals then V2 labels
Deepest forward building [deepest_forward_building],Yes in supplied public JSON export,"Initial map tiles and objects plus BUILD, WALL and command coordinates",B or C,"Compute geometry relative to versioned start anchors, player regions, map halves or resource clusters","High for raw geometry; medium for labels such as forward, control, scouting or team role","map dimensions, terrain, elevation, initial objects, player anchors, action coordinates, building ids","Map presence, expansion, territorial pressure, defensive posture and pairwise spatial activity",V1 fundamentals then V2 labels
Building spread [building_spread],Yes in supplied public JSON export,"Initial map tiles and objects plus BUILD, WALL and command coordinates",B or C,"Compute geometry relative to versioned start anchors, player regions, map halves or resource clusters","High for raw geometry; medium for labels such as forward, control, scouting or team role","map dimensions, terrain, elevation, initial objects, player anchors, action coordinates, building ids","Map presence, expansion, territorial pressure, defensive posture and pairwise spatial activity",V1 fundamentals then V2 labels
Expansions claimed [expansions_claimed],Yes in supplied public JSON export,"Initial map tiles and objects plus BUILD, WALL and command coordinates",B or C,"Compute geometry relative to versioned start anchors, player regions, map halves or resource clusters","High for raw geometry; medium for labels such as forward, control, scouting or team role","map dimensions, terrain, elevation, initial objects, player anchors, action coordinates, building ids","Map presence, expansion, territorial pressure, defensive posture and pairwise spatial activity",V1 fundamentals then V2 labels
Map command coverage [map_command_coverage],Yes in supplied public JSON export,"Initial map tiles and objects plus BUILD, WALL and command coordinates",B or C,"Compute geometry relative to versioned start anchors, player regions, map halves or resource clusters","High for raw geometry; medium for labels such as forward, control, scouting or team role","map dimensions, terrain, elevation, initial objects, player anchors, action coordinates, building ids","Map presence, expansion, territorial pressure, defensive posture and pairwise spatial activity",V1 fundamentals then V2 labels
Enemy half presence [enemy_half_presence],Yes in supplied public JSON export,"Initial map tiles and objects plus BUILD, WALL and command coordinates",B or C,"Compute geometry relative to versioned start anchors, player regions, map halves or resource clusters","High for raw geometry; medium for labels such as forward, control, scouting or team role","map dimensions, terrain, elevation, initial objects, player anchors, action coordinates, building ids","Map presence, expansion, territorial pressure, defensive posture and pairwise spatial activity",V1 fundamentals then V2 labels
Scout coverage 5min [scout_coverage_5min],Yes in supplied public JSON export,"Initial map tiles and objects plus BUILD, WALL and command coordinates",B or C,"Compute geometry relative to versioned start anchors, player regions, map halves or resource clusters","High for raw geometry; medium for labels such as forward, control, scouting or team role","map dimensions, terrain, elevation, initial objects, player anchors, action coordinates, building ids","Map presence, expansion, territorial pressure, defensive posture and pairwise spatial activity",V1 fundamentals then V2 labels
Scout commands 5min [scout_commands_5min],Yes in supplied public JSON export,Decoded replay command stream and versioned entity tables,B or C,Apply a documented aggregation or classification over canonical events,Definition-dependent; preserve evidence and calculation version,"timestamp, actor, action type, raw payload and normalized entity references","Reusable match, player and relationship analysis",V2
First enemy base look [first_enemy_base_look],Yes in supplied public JSON export,"Initial map tiles and objects plus BUILD, WALL and command coordinates",B or C,"Compute geometry relative to versioned start anchors, player regions, map halves or resource clusters","High for raw geometry; medium for labels such as forward, control, scouting or team role","map dimensions, terrain, elevation, initial objects, player anchors, action coordinates, building ids","Map presence, expansion, territorial pressure, defensive posture and pairwise spatial activity",V1 fundamentals then V2 labels
Wall tiles total [wall_tiles_total],Yes in supplied public JSON export,"WALL, BUILD and GATE commands",A plus B,Expand wall endpoints into tile geometry and count placement commands by normalized structure type,High for ordered geometry; completion and survival are not observed,"timestamp, actor, building id, x1, y1, x2, y2, gate object id","Fortification tendency, chokepoints, defensive investment and map presence",V1
Palisade tiles [palisade_tiles],Yes in supplied public JSON export,"WALL, BUILD and GATE commands",A plus B,Expand wall endpoints into tile geometry and count placement commands by normalized structure type,High for ordered geometry; completion and survival are not observed,"timestamp, actor, building id, x1, y1, x2, y2, gate object id","Fortification tendency, chokepoints, defensive investment and map presence",V1
Stone wall tiles [stone_wall_tiles],Yes in supplied public JSON export,"WALL, BUILD and GATE commands",A plus B,Expand wall endpoints into tile geometry and count placement commands by normalized structure type,High for ordered geometry; completion and survival are not observed,"timestamp, actor, building id, x1, y1, x2, y2, gate object id","Fortification tendency, chokepoints, defensive investment and map presence",V1
Gates built [gates_built],Yes in supplied public JSON export,"WALL, BUILD and GATE commands",A plus B,Expand wall endpoints into tile geometry and count placement commands by normalized structure type,High for ordered geometry; completion and survival are not observed,"timestamp, actor, building id, x1, y1, x2, y2, gate object id","Fortification tendency, chokepoints, defensive investment and map presence",V1
Towers built [towers_built],Yes in supplied public JSON export,BUILD or WALL placement commands plus initial owned objects,A plus B,"Select and count placement commands by normalized building type, coordinates and age window","High for construction orders; completion, cancellation and survival require simulation or explicit later evidence","timestamp, actor, building id, builder ids, x and y, wall endpoints, initial owned structures","Expansion, infrastructure, production capacity, fortification and spatial presence",V1
Forward towers [forward_towers],Yes in supplied public JSON export,"Initial map tiles and objects plus BUILD, WALL and command coordinates",B or C,"Compute geometry relative to versioned start anchors, player regions, map halves or resource clusters","High for raw geometry; medium for labels such as forward, control, scouting or team role","map dimensions, terrain, elevation, initial objects, player anchors, action coordinates, building ids","Map presence, expansion, territorial pressure, defensive posture and pairwise spatial activity",V1 fundamentals then V2 labels
Wall segments [wall_segments],Yes in supplied public JSON export,"WALL, BUILD and GATE commands",A plus B,Expand wall endpoints into tile geometry and count placement commands by normalized structure type,High for ordered geometry; completion and survival are not observed,"timestamp, actor, building id, x1, y1, x2, y2, gate object id","Fortification tendency, chokepoints, defensive investment and map presence",V1
Avg wall segment tiles [avg_wall_segment_tiles],Yes in supplied public JSON export,"WALL, BUILD and GATE commands",A plus B,Expand wall endpoints into tile geometry and count placement commands by normalized structure type,High for ordered geometry; completion and survival are not observed,"timestamp, actor, building id, x1, y1, x2, y2, gate object id","Fortification tendency, chokepoints, defensive investment and map presence",V1
Nearest gold distance [nearest_gold_distance],Yes in supplied public JSON export,Initial map objects and coordinates; ORDER or SPECIAL target ids for touches,B,"Normalize resource objects, measure distances from a versioned start anchor, or count commands targeting them",High for initial-object geometry; touch semantics depend on target decoding,"initial object type and instance ids, x and y, player anchor, target ids","Map fairness, resource access, relic interest and event-rule context",V1
Nearest stone distance [nearest_stone_distance],Yes in supplied public JSON export,Initial map objects and coordinates; ORDER or SPECIAL target ids for touches,B,"Normalize resource objects, measure distances from a versioned start anchor, or count commands targeting them",High for initial-object geometry; touch semantics depend on target decoding,"initial object type and instance ids, x and y, player anchor, target ids","Map fairness, resource access, relic interest and event-rule context",V1
Hunt nearby [hunt_nearby],Yes in supplied public JSON export,Decoded replay command stream and versioned entity tables,B or C,Apply a documented aggregation or classification over canonical events,Definition-dependent; preserve evidence and calculation version,"timestamp, actor, action type, raw payload and normalized entity references","Reusable match, player and relationship analysis",V2
Camera coverage [camera_coverage],Yes in supplied public JSON export,Recorder VIEWLOCK operations plus command coordinates,E plus B or C,"Aggregate the single recorded camera path into cells, pans, jumps, fight overlap or command visibility",High for the recorder; unavailable for every other player; offscreen intent is heuristic,"timestamp, camera x and y, recorder player id, command x and y",Recorder attention and execution profile; never a league-wide fact for non-recorders,V2
Camera home share [camera_home_share],Yes in supplied public JSON export,Recorder VIEWLOCK operations plus command coordinates,E plus B or C,"Aggregate the single recorded camera path into cells, pans, jumps, fight overlap or command visibility",High for the recorder; unavailable for every other player; offscreen intent is heuristic,"timestamp, camera x and y, recorder player id, command x and y",Recorder attention and execution profile; never a league-wide fact for non-recorders,V2
Camera on fights [camera_on_fights],Yes in supplied public JSON export,Recorder VIEWLOCK operations plus command coordinates,E plus B or C,"Aggregate the single recorded camera path into cells, pans, jumps, fight overlap or command visibility",High for the recorder; unavailable for every other player; offscreen intent is heuristic,"timestamp, camera x and y, recorder player id, command x and y",Recorder attention and execution profile; never a league-wide fact for non-recorders,V2
Camera entropy [camera_entropy],Yes in supplied public JSON export,Recorder VIEWLOCK operations plus command coordinates,E plus B or C,"Aggregate the single recorded camera path into cells, pans, jumps, fight overlap or command visibility",High for the recorder; unavailable for every other player; offscreen intent is heuristic,"timestamp, camera x and y, recorder player id, command x and y",Recorder attention and execution profile; never a league-wide fact for non-recorders,V2
Gold near start [gold_near_start],Yes in supplied public JSON export,Initial map objects and coordinates; ORDER or SPECIAL target ids for touches,B,"Normalize resource objects, measure distances from a versioned start anchor, or count commands targeting them",High for initial-object geometry; touch semantics depend on target decoding,"initial object type and instance ids, x and y, player anchor, target ids","Map fairness, resource access, relic interest and event-rule context",V1
Stone near start [stone_near_start],Yes in supplied public JSON export,Initial map objects and coordinates; ORDER or SPECIAL target ids for touches,B,"Normalize resource objects, measure distances from a versioned start anchor, or count commands targeting them",High for initial-object geometry; touch semantics depend on target decoding,"initial object type and instance ids, x and y, player anchor, target ids","Map fairness, resource access, relic interest and event-rule context",V1
Food objects near start [food_objects_near_start],Yes in supplied public JSON export,Initial map objects and coordinates; ORDER or SPECIAL target ids for touches,B,"Normalize resource objects, measure distances from a versioned start anchor, or count commands targeting them",High for initial-object geometry; touch semantics depend on target decoding,"initial object type and instance ids, x and y, player anchor, target ids","Map fairness, resource access, relic interest and event-rule context",V1
Mining camp distance [mining_camp_distance],Yes in supplied public JSON export,"Initial map tiles and objects plus BUILD, WALL and command coordinates",B or C,"Compute geometry relative to versioned start anchors, player regions, map halves or resource clusters","High for raw geometry; medium for labels such as forward, control, scouting or team role","map dimensions, terrain, elevation, initial objects, player anchors, action coordinates, building ids","Map presence, expansion, territorial pressure, defensive posture and pairwise spatial activity",V1 fundamentals then V2 labels
Mill distance [mill_distance],Yes in supplied public JSON export,"Initial map tiles and objects plus BUILD, WALL and command coordinates",B or C,"Compute geometry relative to versioned start anchors, player regions, map halves or resource clusters","High for raw geometry; medium for labels such as forward, control, scouting or team role","map dimensions, terrain, elevation, initial objects, player anchors, action coordinates, building ids","Map presence, expansion, territorial pressure, defensive posture and pairwise spatial activity",V1 fundamentals then V2 labels
Map character [map_character],Yes in supplied public JSON export,"Initial map tiles and objects plus BUILD, WALL and command coordinates",B or C,"Compute geometry relative to versioned start anchors, player regions, map halves or resource clusters","High for raw geometry; medium for labels such as forward, control, scouting or team role","map dimensions, terrain, elevation, initial objects, player anchors, action coordinates, building ids","Map presence, expansion, territorial pressure, defensive posture and pairwise spatial activity",V1 fundamentals then V2 labels
Map water [map_water],Yes in supplied public JSON export,"Initial map tiles and objects plus BUILD, WALL and command coordinates",B or C,"Compute geometry relative to versioned start anchors, player regions, map halves or resource clusters","High for raw geometry; medium for labels such as forward, control, scouting or team role","map dimensions, terrain, elevation, initial objects, player anchors, action coordinates, building ids","Map presence, expansion, territorial pressure, defensive posture and pairwise spatial activity",V1 fundamentals then V2 labels
First aggression [first_aggression],Yes in supplied public JSON export,"MOVE, ORDER, PATROL, attack commands, command coordinates, initial player anchors and terrain",C,"Cluster hostile-looking commands in time and space, assign participants and compare later response or overlap windows","Medium at best; detects command activity, not damage, deaths, fight outcome or actual unit position","timestamp, actor, action type, selected ids, target id, x and y, terrain, diplomacy-at-time","Pairwise aggression graph, pressure history, response proxies, performance and rivalry inputs",V2
Aggression balance [aggression_balance],Yes in supplied public JSON export,"MOVE, ORDER, PATROL, attack commands, command coordinates, initial player anchors and terrain",C,"Cluster hostile-looking commands in time and space, assign participants and compare later response or overlap windows","Medium at best; detects command activity, not damage, deaths, fight outcome or actual unit position","timestamp, actor, action type, selected ids, target id, x and y, terrain, diplomacy-at-time","Pairwise aggression graph, pressure history, response proxies, performance and rivalry inputs",V2
Fights initiated share [fights_initiated_share],Yes in supplied public JSON export,"MOVE, ORDER, PATROL, attack commands, command coordinates, initial player anchors and terrain",C,"Cluster hostile-looking commands in time and space, assign participants and compare later response or overlap windows","Medium at best; detects command activity, not damage, deaths, fight outcome or actual unit position","timestamp, actor, action type, selected ids, target id, x and y, terrain, diplomacy-at-time","Pairwise aggression graph, pressure history, response proxies, performance and rivalry inputs",V2
Longest inactivity [longest_inactivity],Yes in supplied public JSON export,ACTION operations and replay clock,B,Count decoded player actions in fixed or age-relative windows and divide by elapsed minutes where applicable,High for the stated counting rule; comparability depends on whether repeated/UI-generated commands are included,"timestamp, actor, action type, sequence, age intervals and match duration","Input activity, pacing, consistency and execution baselines",V1 raw counts; V2 normalized metrics
Median action gap [median_action_gap],Yes in supplied public JSON export,ACTION operations and replay clock,B,Count decoded player actions in fixed or age-relative windows and divide by elapsed minutes where applicable,High for the stated counting rule; comparability depends on whether repeated/UI-generated commands are included,"timestamp, actor, action type, sequence, age intervals and match duration","Input activity, pacing, consistency and execution baselines",V1 raw counts; V2 normalized metrics
Castle power spike use [castle_power_spike_use],Yes in supplied public JSON export,"MOVE, ORDER, PATROL, attack commands, command coordinates, initial player anchors and terrain",C,"Cluster hostile-looking commands in time and space, assign participants and compare later response or overlap windows","Medium at best; detects command activity, not damage, deaths, fight outcome or actual unit position","timestamp, actor, action type, selected ids, target id, x and y, terrain, diplomacy-at-time","Pairwise aggression graph, pressure history, response proxies, performance and rivalry inputs",V2
Imperial power spike use [imperial_power_spike_use],Yes in supplied public JSON export,"MOVE, ORDER, PATROL, attack commands, command coordinates, initial player anchors and terrain",C,"Cluster hostile-looking commands in time and space, assign participants and compare later response or overlap windows","Medium at best; detects command activity, not damage, deaths, fight outcome or actual unit position","timestamp, actor, action type, selected ids, target id, x and y, terrain, diplomacy-at-time","Pairwise aggression graph, pressure history, response proxies, performance and rivalry inputs",V2
Villagers during fights [villagers_during_fights],Yes in supplied public JSON export,"MOVE, ORDER, PATROL, attack commands, command coordinates, initial player anchors and terrain",C,"Cluster hostile-looking commands in time and space, assign participants and compare later response or overlap windows","Medium at best; detects command activity, not damage, deaths, fight outcome or actual unit position","timestamp, actor, action type, selected ids, target id, x and y, terrain, diplomacy-at-time","Pairwise aggression graph, pressure history, response proxies, performance and rivalry inputs",V2
Defensive investment [defensive_investment],Yes in supplied public JSON export,"QUEUE, BUILD, WALL and RESEARCH commands plus versioned game-data costs",B,Price recorded commands at patch and civilization-adjusted costs and aggregate gross commitments by resource and purpose,"Medium to high for planned gross commitment; not resource collection, bank balance, affordability, refund or net spend","timestamp, entity ids, amounts, costs, civilization modifiers, cancellation events and wall length","Greed versus military commitment, timing investment and economic recovery inputs",V1 gross commitments; V2 net model
Playstyle [playstyle],Yes in supplied public JSON export,"Command stream, queue commands and versioned time windows",C,"Apply a declared heuristic for continuity, deduplication, efficiency, opening classification or playstyle",Medium and definition-dependent; must retain evidence and model version,"timestamp, actor, action type, selected ids, entity ids, queue amounts, age intervals and map context","Execution fundamentals, stable playstyle models and per-match performance interpretation",V2 or Future
Resign context [resign_context],Yes in supplied public JSON export,"ACTION, CHAT and FLARE operations plus reconstructed age windows",B or C,"Count events or compare their timing with inferred fights, pressure and age intervals","High for raw counts; medium or lower for initiative, etiquette, inactivity or strategic labels","timestamp, actor, action type, chat audience and text, flare targets, age intervals and fight evidence","Match narrative facts, social behavior, pressure and performance models",V2
Gg etiquette [gg_etiquette],Yes in supplied public JSON export,"ACTION, CHAT and FLARE operations plus reconstructed age windows",B or C,"Count events or compare their timing with inferred fights, pressure and age intervals","High for raw counts; medium or lower for initiative, etiquette, inactivity or strategic labels","timestamp, actor, action type, chat audience and text, flare targets, age intervals and fight evidence","Match narrative facts, social behavior, pressure and performance models",V2
Chat messages [chat_messages],Yes in supplied public JSON export,"ACTION, CHAT and FLARE operations plus reconstructed age windows",B or C,"Count events or compare their timing with inferred fights, pressure and age intervals","High for raw counts; medium or lower for initiative, etiquette, inactivity or strategic labels","timestamp, actor, action type, chat audience and text, flare targets, age intervals and fight evidence","Match narrative facts, social behavior, pressure and performance models",V2
Flares used [flares_used],Yes in supplied public JSON export,"ACTION, CHAT and FLARE operations plus reconstructed age windows",B or C,"Count events or compare their timing with inferred fights, pressure and age intervals","High for raw counts; medium or lower for initiative, etiquette, inactivity or strategic labels","timestamp, actor, action type, chat audience and text, flare targets, age intervals and fight evidence","Match narrative facts, social behavior, pressure and performance models",V2
Game pauses [game_pauses],Yes in supplied public JSON export,"ACTION, CHAT and FLARE operations plus reconstructed age windows",B or C,"Count events or compare their timing with inferred fights, pressure and age intervals","High for raw counts; medium or lower for initiative, etiquette, inactivity or strategic labels","timestamp, actor, action type, chat audience and text, flare targets, age intervals and fight evidence","Match narrative facts, social behavior, pressure and performance models",V2
Actions total [actions_total],Yes in supplied public JSON export,ACTION operations and replay clock,B,Count decoded player actions in fixed or age-relative windows and divide by elapsed minutes where applicable,High for the stated counting rule; comparability depends on whether repeated/UI-generated commands are included,"timestamp, actor, action type, sequence, age intervals and match duration","Input activity, pacing, consistency and execution baselines",V1 raw counts; V2 normalized metrics
Apm [apm],Yes in supplied public JSON export,ACTION operations and replay clock,B,Count decoded player actions in fixed or age-relative windows and divide by elapsed minutes where applicable,High for the stated counting rule; comparability depends on whether repeated/UI-generated commands are included,"timestamp, actor, action type, sequence, age intervals and match duration","Input activity, pacing, consistency and execution baselines",V1 raw counts; V2 normalized metrics
Eapm [eapm],Yes in supplied public JSON export,"Command stream, queue commands and versioned time windows",C,"Apply a declared heuristic for continuity, deduplication, efficiency, opening classification or playstyle",Medium and definition-dependent; must retain evidence and model version,"timestamp, actor, action type, selected ids, entity ids, queue amounts, age intervals and map context","Execution fundamentals, stable playstyle models and per-match performance interpretation",V2 or Future
Apm efficiency [apm_efficiency],Yes in supplied public JSON export,"Command stream, queue commands and versioned time windows",C,"Apply a declared heuristic for continuity, deduplication, efficiency, opening classification or playstyle",Medium and definition-dependent; must retain evidence and model version,"timestamp, actor, action type, selected ids, entity ids, queue amounts, age intervals and map context","Execution fundamentals, stable playstyle models and per-match performance interpretation",V2 or Future
Peak apm minute [peak_apm_minute],Yes in supplied public JSON export,ACTION operations and replay clock,B,Count decoded player actions in fixed or age-relative windows and divide by elapsed minutes where applicable,High for the stated counting rule; comparability depends on whether repeated/UI-generated commands are included,"timestamp, actor, action type, sequence, age intervals and match duration","Input activity, pacing, consistency and execution baselines",V1 raw counts; V2 normalized metrics
Apm growth [apm_growth],Yes in supplied public JSON export,ACTION operations and replay clock,B,Count decoded player actions in fixed or age-relative windows and divide by elapsed minutes where applicable,High for the stated counting rule; comparability depends on whether repeated/UI-generated commands are included,"timestamp, actor, action type, sequence, age intervals and match duration","Input activity, pacing, consistency and execution baselines",V1 raw counts; V2 normalized metrics
Avg selection size [avg_selection_size],Yes in supplied public JSON export,"ACTION operations including selected object ids, gather points, formations and command types",B or C,"Aggregate selection sizes, command categories, batches or rally targets; use explicit deduplication where claiming effective actions",High for raw command properties; medium for quality or efficiency interpretations,"timestamp, actor, action type, object ids, target id and type, entity ids and coordinates","Execution profile, production habits and multitasking proxies",V2
Max selection size [max_selection_size],Yes in supplied public JSON export,"ACTION operations including selected object ids, gather points, formations and command types",B or C,"Aggregate selection sizes, command categories, batches or rally targets; use explicit deduplication where claiming effective actions",High for raw command properties; medium for quality or efficiency interpretations,"timestamp, actor, action type, object ids, target id and type, entity ids and coordinates","Execution profile, production habits and multitasking proxies",V2
Production batch size [production_batch_size],Yes in supplied public JSON export,DE_QUEUE or QUEUE commands plus external entity and cost tables,B with C where completion or attribution is implied,"Aggregate queue amounts by normalized unit, family, producer and time window; optionally price at pinned costs","High for queue intent; low to medium for actual trained units, producer allocation, live army or completion time","timestamp, actor, unit id, amount, selected producer ids, entity family, cost and train-time version","Military identity, production commitment, portrait inputs, economic growth and composition transitions",V1 queue truth; V2 derived identity
Shift queue share [shift_queue_share],Yes in supplied public JSON export,"ACTION operations including selected object ids, gather points, formations and command types",B or C,"Aggregate selection sizes, command categories, batches or rally targets; use explicit deduplication where claiming effective actions",High for raw command properties; medium for quality or efficiency interpretations,"timestamp, actor, action type, object ids, target id and type, entity ids and coordinates","Execution profile, production habits and multitasking proxies",V2
Gather points set [gather_points_set],Yes in supplied public JSON export,"ACTION operations including selected object ids, gather points, formations and command types",B or C,"Aggregate selection sizes, command categories, batches or rally targets; use explicit deduplication where claiming effective actions",High for raw command properties; medium for quality or efficiency interpretations,"timestamp, actor, action type, object ids, target id and type, entity ids and coordinates","Execution profile, production habits and multitasking proxies",V2
Gather points to target [gather_points_to_target],Yes in supplied public JSON export,"ACTION operations including selected object ids, gather points, formations and command types",B or C,"Aggregate selection sizes, command categories, batches or rally targets; use explicit deduplication where claiming effective actions",High for raw command properties; medium for quality or efficiency interpretations,"timestamp, actor, action type, object ids, target id and type, entity ids and coordinates","Execution profile, production habits and multitasking proxies",V2
Gather points to resource [gather_points_to_resource],Yes in supplied public JSON export,"ACTION operations including selected object ids, gather points, formations and command types",B or C,"Aggregate selection sizes, command categories, batches or rally targets; use explicit deduplication where claiming effective actions",High for raw command properties; medium for quality or efficiency interpretations,"timestamp, actor, action type, object ids, target id and type, entity ids and coordinates","Execution profile, production habits and multitasking proxies",V2
Primary gather point target [primary_gather_point_target],Yes in supplied public JSON export,"ACTION operations including selected object ids, gather points, formations and command types",B or C,"Aggregate selection sizes, command categories, batches or rally targets; use explicit deduplication where claiming effective actions",High for raw command properties; medium for quality or efficiency interpretations,"timestamp, actor, action type, object ids, target id and type, entity ids and coordinates","Execution profile, production habits and multitasking proxies",V2
Move vs action discipline [move_vs_action_discipline],Yes in supplied public JSON export,"Command stream, queue commands and versioned time windows",C,"Apply a declared heuristic for continuity, deduplication, efficiency, opening classification or playstyle",Medium and definition-dependent; must retain evidence and model version,"timestamp, actor, action type, selected ids, entity ids, queue amounts, age intervals and map context","Execution fundamentals, stable playstyle models and per-match performance interpretation",V2 or Future
Actions in bursts [actions_in_bursts],Yes in supplied public JSON export,"Command stream, queue commands and versioned time windows",C,"Apply a declared heuristic for continuity, deduplication, efficiency, opening classification or playstyle",Medium and definition-dependent; must retain evidence and model version,"timestamp, actor, action type, selected ids, entity ids, queue amounts, age intervals and map context","Execution fundamentals, stable playstyle models and per-match performance interpretation",V2 or Future
Camera jumps per min [camera_jumps_per_min],Yes in supplied public JSON export,Recorder VIEWLOCK operations plus command coordinates,E plus B or C,"Aggregate the single recorded camera path into cells, pans, jumps, fight overlap or command visibility",High for the recorder; unavailable for every other player; offscreen intent is heuristic,"timestamp, camera x and y, recorder player id, command x and y",Recorder attention and execution profile; never a league-wide fact for non-recorders,V2
Offscreen commands [offscreen_commands],Yes in supplied public JSON export,Recorder VIEWLOCK operations plus command coordinates,E plus B or C,"Aggregate the single recorded camera path into cells, pans, jumps, fight overlap or command visibility",High for the recorder; unavailable for every other player; offscreen intent is heuristic,"timestamp, camera x and y, recorder player id, command x and y",Recorder attention and execution profile; never a league-wide fact for non-recorders,V2
Dark age apm [dark_age_apm],Yes in supplied public JSON export,ACTION operations and replay clock,B,Count decoded player actions in fixed or age-relative windows and divide by elapsed minutes where applicable,High for the stated counting rule; comparability depends on whether repeated/UI-generated commands are included,"timestamp, actor, action type, sequence, age intervals and match duration","Input activity, pacing, consistency and execution baselines",V1 raw counts; V2 normalized metrics
Actions per fight [actions_per_fight],Yes in supplied public JSON export,"MOVE, ORDER, PATROL, attack commands, command coordinates, initial player anchors and terrain",C,"Cluster hostile-looking commands in time and space, assign participants and compare later response or overlap windows","Medium at best; detects command activity, not damage, deaths, fight outcome or actual unit position","timestamp, actor, action type, selected ids, target id, x and y, terrain, diplomacy-at-time","Pairwise aggression graph, pressure history, response proxies, performance and rivalry inputs",V2
Command type breadth [command_type_breadth],Yes in supplied public JSON export,ACTION operations and replay clock,B,Count decoded player actions in fixed or age-relative windows and divide by elapsed minutes where applicable,High for the stated counting rule; comparability depends on whether repeated/UI-generated commands are included,"timestamp, actor, action type, sequence, age intervals and match duration","Input activity, pacing, consistency and execution baselines",V1 raw counts; V2 normalized metrics
First tower [first_tower],Yes in supplied public JSON export,BUILD or WALL placement commands plus initial owned objects,A plus B,"Select and count placement commands by normalized building type, coordinates and age window","High for construction orders; completion, cancellation and survival require simulation or explicit later evidence","timestamp, actor, building id, builder ids, x and y, wall endpoints, initial owned structures","Expansion, infrastructure, production capacity, fortification and spatial presence",V1
Feudal military buildings [feudal_military_buildings],Yes in supplied public JSON export,BUILD or WALL placement commands plus initial owned objects,A plus B,"Select and count placement commands by normalized building type, coordinates and age window","High for construction orders; completion, cancellation and survival require simulation or explicit later evidence","timestamp, actor, building id, builder ids, x and y, wall endpoints, initial owned structures","Expansion, infrastructure, production capacity, fortification and spatial presence",V1
Pre feudal wall tiles [pre_feudal_wall_tiles],Yes in supplied public JSON export,Decoded replay command stream and versioned entity tables,B or C,Apply a documented aggregation or classification over canonical events,Definition-dependent; preserve evidence and calculation version,"timestamp, actor, action type, raw payload and normalized entity references","Reusable match, player and relationship analysis",V2
Opening wall style [opening_wall_style],Yes in supplied public JSON export,"Command stream, queue commands and versioned time windows",C,"Apply a declared heuristic for continuity, deduplication, efficiency, opening classification or playstyle",Medium and definition-dependent; must retain evidence and model version,"timestamp, actor, action type, selected ids, entity ids, queue amounts, age intervals and map context","Execution fundamentals, stable playstyle models and per-match performance interpretation",V2 or Future
First sheep task [first_sheep_task],Yes in supplied public JSON export,"QUEUE, BUILD, RESEARCH, ORDER, BUY, SELL and TRIBUTE commands",B or C,"Aggregate economy-related command events into timings, counts or declared continuity proxies",High for command facts; medium or lower when the name implies completed production or live economy,"timestamp, actor, action type, entity and target ids, amounts, producer ids and coordinates","Economic development, infrastructure, market behavior and recovery fundamentals",V1 facts then V2 metrics
First boar lure [first_boar_lure],Yes in supplied public JSON export,"QUEUE, BUILD, RESEARCH, ORDER, BUY, SELL and TRIBUTE commands",B or C,"Aggregate economy-related command events into timings, counts or declared continuity proxies",High for command facts; medium or lower when the name implies completed production or live economy,"timestamp, actor, action type, entity and target ids, amounts, producer ids and coordinates","Economic development, infrastructure, market behavior and recovery fundamentals",V1 facts then V2 metrics
First deer task [first_deer_task],Yes in supplied public JSON export,"QUEUE, BUILD, RESEARCH, ORDER, BUY, SELL and TRIBUTE commands",B or C,"Aggregate economy-related command events into timings, counts or declared continuity proxies",High for command facts; medium or lower when the name implies completed production or live economy,"timestamp, actor, action type, entity and target ids, amounts, producer ids and coordinates","Economic development, infrastructure, market behavior and recovery fundamentals",V1 facts then V2 metrics
First berry task [first_berry_task],Yes in supplied public JSON export,"QUEUE, BUILD, RESEARCH, ORDER, BUY, SELL and TRIBUTE commands",B or C,"Aggregate economy-related command events into timings, counts or declared continuity proxies",High for command facts; medium or lower when the name implies completed production or live economy,"timestamp, actor, action type, entity and target ids, amounts, producer ids and coordinates","Economic development, infrastructure, market behavior and recovery fundamentals",V1 facts then V2 metrics
Boars taken [boars_taken],Yes in supplied public JSON export,"QUEUE, BUILD, RESEARCH, ORDER, BUY, SELL and TRIBUTE commands",B or C,"Aggregate economy-related command events into timings, counts or declared continuity proxies",High for command facts; medium or lower when the name implies completed production or live economy,"timestamp, actor, action type, entity and target ids, amounts, producer ids and coordinates","Economic development, infrastructure, market behavior and recovery fundamentals",V1 facts then V2 metrics
Deer taken [deer_taken],Yes in supplied public JSON export,"QUEUE, BUILD, RESEARCH, ORDER, BUY, SELL and TRIBUTE commands",B or C,"Aggregate economy-related command events into timings, counts or declared continuity proxies",High for command facts; medium or lower when the name implies completed production or live economy,"timestamp, actor, action type, entity and target ids, amounts, producer ids and coordinates","Economic development, infrastructure, market behavior and recovery fundamentals",V1 facts then V2 metrics
Herdables worked [herdables_worked],Yes in supplied public JSON export,"QUEUE, BUILD, RESEARCH, ORDER, BUY, SELL and TRIBUTE commands",B or C,"Aggregate economy-related command events into timings, counts or declared continuity proxies",High for command facts; medium or lower when the name implies completed production or live economy,"timestamp, actor, action type, entity and target ids, amounts, producer ids and coordinates","Economic development, infrastructure, market behavior and recovery fundamentals",V1 facts then V2 metrics
Lumber camps built [lumber_camps_built],Yes in supplied public JSON export,BUILD or WALL placement commands plus initial owned objects,A plus B,"Select and count placement commands by normalized building type, coordinates and age window","High for construction orders; completion, cancellation and survival require simulation or explicit later evidence","timestamp, actor, building id, builder ids, x and y, wall endpoints, initial owned structures","Expansion, infrastructure, production capacity, fortification and spatial presence",V1
Mining camps built [mining_camps_built],Yes in supplied public JSON export,BUILD or WALL placement commands plus initial owned objects,A plus B,"Select and count placement commands by normalized building type, coordinates and age window","High for construction orders; completion, cancellation and survival require simulation or explicit later evidence","timestamp, actor, building id, builder ids, x and y, wall endpoints, initial owned structures","Expansion, infrastructure, production capacity, fortification and spatial presence",V1
Docks built [docks_built],Yes in supplied public JSON export,BUILD or WALL placement commands plus initial owned objects,A plus B,"Select and count placement commands by normalized building type, coordinates and age window","High for construction orders; completion, cancellation and survival require simulation or explicit later evidence","timestamp, actor, building id, builder ids, x and y, wall endpoints, initial owned structures","Expansion, infrastructure, production capacity, fortification and spatial presence",V1
Farms before castle [farms_before_castle],Yes in supplied public JSON export,"QUEUE, BUILD, RESEARCH, ORDER, BUY, SELL and TRIBUTE commands",B or C,"Aggregate economy-related command events into timings, counts or declared continuity proxies",High for command facts; medium or lower when the name implies completed production or live economy,"timestamp, actor, action type, entity and target ids, amounts, producer ids and coordinates","Economic development, infrastructure, market behavior and recovery fundamentals",V1 facts then V2 metrics
Villager rate feudal [villager_rate_feudal],Yes in supplied public JSON export,DE_QUEUE or QUEUE commands plus external entity and cost tables,B with C where completion or attribution is implied,"Aggregate queue amounts by normalized unit, family, producer and time window; optionally price at pinned costs","High for queue intent; low to medium for actual trained units, producer allocation, live army or completion time","timestamp, actor, unit id, amount, selected producer ids, entity family, cost and train-time version","Military identity, production commitment, portrait inputs, economic growth and composition transitions",V1 queue truth; V2 derived identity
Villager rate castle [villager_rate_castle],Yes in supplied public JSON export,DE_QUEUE or QUEUE commands plus external entity and cost tables,B with C where completion or attribution is implied,"Aggregate queue amounts by normalized unit, family, producer and time window; optionally price at pinned costs","High for queue intent; low to medium for actual trained units, producer allocation, live army or completion time","timestamp, actor, unit id, amount, selected producer ids, entity family, cost and train-time version","Military identity, production commitment, portrait inputs, economic growth and composition transitions",V1 queue truth; V2 derived identity
Eco rebound after raids [eco_rebound_after_raids],Yes in supplied public JSON export,"MOVE, ORDER, PATROL, attack commands, command coordinates, initial player anchors and terrain",C,"Cluster hostile-looking commands in time and space, assign participants and compare later response or overlap windows","Medium at best; detects command activity, not damage, deaths, fight outcome or actual unit position","timestamp, actor, action type, selected ids, target id, x and y, terrain, diplomacy-at-time","Pairwise aggression graph, pressure history, response proxies, performance and rivalry inputs",V2
Army value 10min [army_value_10min],Yes in supplied public JSON export,DE_QUEUE or QUEUE commands plus external entity and cost tables,B with C where completion or attribution is implied,"Aggregate queue amounts by normalized unit, family, producer and time window; optionally price at pinned costs","High for queue intent; low to medium for actual trained units, producer allocation, live army or completion time","timestamp, actor, unit id, amount, selected producer ids, entity family, cost and train-time version","Military identity, production commitment, portrait inputs, economic growth and composition transitions",V1 queue truth; V2 derived identity
Army value 15min [army_value_15min],Yes in supplied public JSON export,DE_QUEUE or QUEUE commands plus external entity and cost tables,B with C where completion or attribution is implied,"Aggregate queue amounts by normalized unit, family, producer and time window; optionally price at pinned costs","High for queue intent; low to medium for actual trained units, producer allocation, live army or completion time","timestamp, actor, unit id, amount, selected producer ids, entity family, cost and train-time version","Military identity, production commitment, portrait inputs, economic growth and composition transitions",V1 queue truth; V2 derived identity
Army value 20min [army_value_20min],Yes in supplied public JSON export,DE_QUEUE or QUEUE commands plus external entity and cost tables,B with C where completion or attribution is implied,"Aggregate queue amounts by normalized unit, family, producer and time window; optionally price at pinned costs","High for queue intent; low to medium for actual trained units, producer allocation, live army or completion time","timestamp, actor, unit id, amount, selected producer ids, entity family, cost and train-time version","Military identity, production commitment, portrait inputs, economic growth and composition transitions",V1 queue truth; V2 derived identity
Military added feudal [military_added_feudal],Yes in supplied public JSON export,DE_QUEUE or QUEUE commands plus external entity and cost tables,B with C where completion or attribution is implied,"Aggregate queue amounts by normalized unit, family, producer and time window; optionally price at pinned costs","High for queue intent; low to medium for actual trained units, producer allocation, live army or completion time","timestamp, actor, unit id, amount, selected producer ids, entity family, cost and train-time version","Military identity, production commitment, portrait inputs, economic growth and composition transitions",V1 queue truth; V2 derived identity
Military added castle [military_added_castle],Yes in supplied public JSON export,DE_QUEUE or QUEUE commands plus external entity and cost tables,B with C where completion or attribution is implied,"Aggregate queue amounts by normalized unit, family, producer and time window; optionally price at pinned costs","High for queue intent; low to medium for actual trained units, producer allocation, live army or completion time","timestamp, actor, unit id, amount, selected producer ids, entity family, cost and train-time version","Military identity, production commitment, portrait inputs, economic growth and composition transitions",V1 queue truth; V2 derived identity
Military added imperial [military_added_imperial],Yes in supplied public JSON export,DE_QUEUE or QUEUE commands plus external entity and cost tables,B with C where completion or attribution is implied,"Aggregate queue amounts by normalized unit, family, producer and time window; optionally price at pinned costs","High for queue intent; low to medium for actual trained units, producer allocation, live army or completion time","timestamp, actor, unit id, amount, selected producer ids, entity family, cost and train-time version","Military identity, production commitment, portrait inputs, economic growth and composition transitions",V1 queue truth; V2 derived identity
Trash units trained [trash_units_trained],Yes in supplied public JSON export,DE_QUEUE or QUEUE commands plus external entity and cost tables,B with C where completion or attribution is implied,"Aggregate queue amounts by normalized unit, family, producer and time window; optionally price at pinned costs","High for queue intent; low to medium for actual trained units, producer allocation, live army or completion time","timestamp, actor, unit id, amount, selected producer ids, entity family, cost and train-time version","Military identity, production commitment, portrait inputs, economic growth and composition transitions",V1 queue truth; V2 derived identity
Trash army share [trash_army_share],Yes in supplied public JSON export,DE_QUEUE or QUEUE commands plus external entity and cost tables,B with C where completion or attribution is implied,"Aggregate queue amounts by normalized unit, family, producer and time window; optionally price at pinned costs","High for queue intent; low to medium for actual trained units, producer allocation, live army or completion time","timestamp, actor, unit id, amount, selected producer ids, entity family, cost and train-time version","Military identity, production commitment, portrait inputs, economic growth and composition transitions",V1 queue truth; V2 derived identity
Barracks built [barracks_built],Yes in supplied public JSON export,BUILD or WALL placement commands plus initial owned objects,A plus B,"Select and count placement commands by normalized building type, coordinates and age window","High for construction orders; completion, cancellation and survival require simulation or explicit later evidence","timestamp, actor, building id, builder ids, x and y, wall endpoints, initial owned structures","Expansion, infrastructure, production capacity, fortification and spatial presence",V1
Ranges built [ranges_built],Yes in supplied public JSON export,BUILD or WALL placement commands plus initial owned objects,A plus B,"Select and count placement commands by normalized building type, coordinates and age window","High for construction orders; completion, cancellation and survival require simulation or explicit later evidence","timestamp, actor, building id, builder ids, x and y, wall endpoints, initial owned structures","Expansion, infrastructure, production capacity, fortification and spatial presence",V1
Stables built [stables_built],Yes in supplied public JSON export,BUILD or WALL placement commands plus initial owned objects,A plus B,"Select and count placement commands by normalized building type, coordinates and age window","High for construction orders; completion, cancellation and survival require simulation or explicit later evidence","timestamp, actor, building id, builder ids, x and y, wall endpoints, initial owned structures","Expansion, infrastructure, production capacity, fortification and spatial presence",V1
Siege workshops built [siege_workshops_built],Yes in supplied public JSON export,BUILD or WALL placement commands plus initial owned objects,A plus B,"Select and count placement commands by normalized building type, coordinates and age window","High for construction orders; completion, cancellation and survival require simulation or explicit later evidence","timestamp, actor, building id, builder ids, x and y, wall endpoints, initial owned structures","Expansion, infrastructure, production capacity, fortification and spatial presence",V1
First monastery [first_monastery],Yes in supplied public JSON export,BUILD or WALL placement commands plus initial owned objects,A plus B,"Select and count placement commands by normalized building type, coordinates and age window","High for construction orders; completion, cancellation and survival require simulation or explicit later evidence","timestamp, actor, building id, builder ids, x and y, wall endpoints, initial owned structures","Expansion, infrastructure, production capacity, fortification and spatial presence",V1
Fights per 10min [fights_per_10min],Yes in supplied public JSON export,"MOVE, ORDER, PATROL, attack commands, command coordinates, initial player anchors and terrain",C,"Cluster hostile-looking commands in time and space, assign participants and compare later response or overlap windows","Medium at best; detects command activity, not damage, deaths, fight outcome or actual unit position","timestamp, actor, action type, selected ids, target id, x and y, terrain, diplomacy-at-time","Pairwise aggression graph, pressure history, response proxies, performance and rivalry inputs",V2
Fight location bias [fight_location_bias],Yes in supplied public JSON export,"MOVE, ORDER, PATROL, attack commands, command coordinates, initial player anchors and terrain",C,"Cluster hostile-looking commands in time and space, assign participants and compare later response or overlap windows","Medium at best; detects command activity, not damage, deaths, fight outcome or actual unit position","timestamp, actor, action type, selected ids, target id, x and y, terrain, diplomacy-at-time","Pairwise aggression graph, pressure history, response proxies, performance and rivalry inputs",V2
Disengage moves [disengage_moves],Yes in supplied public JSON export,"MOVE, ORDER, PATROL, attack commands, command coordinates, initial player anchors and terrain",C,"Cluster hostile-looking commands in time and space, assign participants and compare later response or overlap windows","Medium at best; detects command activity, not damage, deaths, fight outcome or actual unit position","timestamp, actor, action type, selected ids, target id, x and y, terrain, diplomacy-at-time","Pairwise aggression graph, pressure history, response proxies, performance and rivalry inputs",V2
Garrisons during raids [garrisons_during_raids],Yes in supplied public JSON export,"MOVE, ORDER, PATROL, attack commands, command coordinates, initial player anchors and terrain",C,"Cluster hostile-looking commands in time and space, assign participants and compare later response or overlap windows","Medium at best; detects command activity, not damage, deaths, fight outcome or actual unit position","timestamp, actor, action type, selected ids, target id, x and y, terrain, diplomacy-at-time","Pairwise aggression graph, pressure history, response proxies, performance and rivalry inputs",V2
Town bell uses [town_bell_uses],Yes in supplied public JSON export,"Explicit combat-control commands such as PATROL, ATTACK_GROUND, DE_ATTACK_MOVE, stance, formation, garrison and repair",B,"Count or normalize explicit command types, optionally divide by queue-derived unit families",High for command counts; low for combat effectiveness,"timestamp, actor, action type, selected ids, target ids and coordinates",Army-control habits and execution fundamentals,V1 counts then V2 interpretation
Repair commands [repair_commands],Yes in supplied public JSON export,"Explicit combat-control commands such as PATROL, ATTACK_GROUND, DE_ATTACK_MOVE, stance, formation, garrison and repair",B,"Count or normalize explicit command types, optionally divide by queue-derived unit families",High for command counts; low for combat effectiveness,"timestamp, actor, action type, selected ids, target ids and coordinates",Army-control habits and execution fundamentals,V1 counts then V2 interpretation
Attack ground per siege [attack_ground_per_siege],Yes in supplied public JSON export,"Explicit combat-control commands such as PATROL, ATTACK_GROUND, DE_ATTACK_MOVE, stance, formation, garrison and repair",B,"Count or normalize explicit command types, optionally divide by queue-derived unit families",High for command counts; low for combat effectiveness,"timestamp, actor, action type, selected ids, target ids and coordinates",Army-control habits and execution fundamentals,V1 counts then V2 interpretation
First raid suffered [first_raid_suffered],Yes in supplied public JSON export,"MOVE, ORDER, PATROL, attack commands, command coordinates, initial player anchors and terrain",C,"Cluster hostile-looking commands in time and space, assign participants and compare later response or overlap windows","Medium at best; detects command activity, not damage, deaths, fight outcome or actual unit position","timestamp, actor, action type, selected ids, target id, x and y, terrain, diplomacy-at-time","Pairwise aggression graph, pressure history, response proxies, performance and rivalry inputs",V2
First raid initiated [first_raid_initiated],Yes in supplied public JSON export,"MOVE, ORDER, PATROL, attack commands, command coordinates, initial player anchors and terrain",C,"Cluster hostile-looking commands in time and space, assign participants and compare later response or overlap windows","Medium at best; detects command activity, not damage, deaths, fight outcome or actual unit position","timestamp, actor, action type, selected ids, target id, x and y, terrain, diplomacy-at-time","Pairwise aggression graph, pressure history, response proxies, performance and rivalry inputs",V2
Gold control share [gold_control_share],Yes in supplied public JSON export,"Initial map tiles and objects plus BUILD, WALL and command coordinates",B or C,"Compute geometry relative to versioned start anchors, player regions, map halves or resource clusters","High for raw geometry; medium for labels such as forward, control, scouting or team role","map dimensions, terrain, elevation, initial objects, player anchors, action coordinates, building ids","Map presence, expansion, territorial pressure, defensive posture and pairwise spatial activity",V1 fundamentals then V2 labels
Hunt control share [hunt_control_share],Yes in supplied public JSON export,"Initial map tiles and objects plus BUILD, WALL and command coordinates",B or C,"Compute geometry relative to versioned start anchors, player regions, map halves or resource clusters","High for raw geometry; medium for labels such as forward, control, scouting or team role","map dimensions, terrain, elevation, initial objects, player anchors, action coordinates, building ids","Map presence, expansion, territorial pressure, defensive posture and pairwise spatial activity",V1 fundamentals then V2 labels
Camps avg distance [camps_avg_distance],Yes in supplied public JSON export,"Initial map tiles and objects plus BUILD, WALL and command coordinates",B or C,"Compute geometry relative to versioned start anchors, player regions, map halves or resource clusters","High for raw geometry; medium for labels such as forward, control, scouting or team role","map dimensions, terrain, elevation, initial objects, player anchors, action coordinates, building ids","Map presence, expansion, territorial pressure, defensive posture and pairwise spatial activity",V1 fundamentals then V2 labels
Forward wall tiles [forward_wall_tiles],Yes in supplied public JSON export,"Initial map tiles and objects plus BUILD, WALL and command coordinates",B or C,"Compute geometry relative to versioned start anchors, player regions, map halves or resource clusters","High for raw geometry; medium for labels such as forward, control, scouting or team role","map dimensions, terrain, elevation, initial objects, player anchors, action coordinates, building ids","Map presence, expansion, territorial pressure, defensive posture and pairwise spatial activity",V1 fundamentals then V2 labels
Nearest berries distance [nearest_berries_distance],Yes in supplied public JSON export,Initial map objects and coordinates; ORDER or SPECIAL target ids for touches,B,"Normalize resource objects, measure distances from a versioned start anchor, or count commands targeting them",High for initial-object geometry; touch semantics depend on target decoding,"initial object type and instance ids, x and y, player anchor, target ids","Map fairness, resource access, relic interest and event-rule context",V1
Fights feudal [fights_feudal],Yes in supplied public JSON export,"MOVE, ORDER, PATROL, attack commands, command coordinates, initial player anchors and terrain",C,"Cluster hostile-looking commands in time and space, assign participants and compare later response or overlap windows","Medium at best; detects command activity, not damage, deaths, fight outcome or actual unit position","timestamp, actor, action type, selected ids, target id, x and y, terrain, diplomacy-at-time","Pairwise aggression graph, pressure history, response proxies, performance and rivalry inputs",V2
Fights castle [fights_castle],Yes in supplied public JSON export,"MOVE, ORDER, PATROL, attack commands, command coordinates, initial player anchors and terrain",C,"Cluster hostile-looking commands in time and space, assign participants and compare later response or overlap windows","Medium at best; detects command activity, not damage, deaths, fight outcome or actual unit position","timestamp, actor, action type, selected ids, target id, x and y, terrain, diplomacy-at-time","Pairwise aggression graph, pressure history, response proxies, performance and rivalry inputs",V2
Fights imperial [fights_imperial],Yes in supplied public JSON export,"MOVE, ORDER, PATROL, attack commands, command coordinates, initial player anchors and terrain",C,"Cluster hostile-looking commands in time and space, assign participants and compare later response or overlap windows","Medium at best; detects command activity, not damage, deaths, fight outcome or actual unit position","timestamp, actor, action type, selected ids, target id, x and y, terrain, diplomacy-at-time","Pairwise aggression graph, pressure history, response proxies, performance and rivalry inputs",V2
Raids suffered feudal [raids_suffered_feudal],Yes in supplied public JSON export,"MOVE, ORDER, PATROL, attack commands, command coordinates, initial player anchors and terrain",C,"Cluster hostile-looking commands in time and space, assign participants and compare later response or overlap windows","Medium at best; detects command activity, not damage, deaths, fight outcome or actual unit position","timestamp, actor, action type, selected ids, target id, x and y, terrain, diplomacy-at-time","Pairwise aggression graph, pressure history, response proxies, performance and rivalry inputs",V2
Pressure minutes [pressure_minutes],Yes in supplied public JSON export,"MOVE, ORDER, PATROL, attack commands, command coordinates, initial player anchors and terrain",C,"Cluster hostile-looking commands in time and space, assign participants and compare later response or overlap windows","Medium at best; detects command activity, not damage, deaths, fight outcome or actual unit position","timestamp, actor, action type, selected ids, target id, x and y, terrain, diplomacy-at-time","Pairwise aggression graph, pressure history, response proxies, performance and rivalry inputs",V2
Reinforce delay [reinforce_delay],Yes in supplied public JSON export,"MOVE, ORDER, PATROL, attack commands, command coordinates, initial player anchors and terrain",C,"Cluster hostile-looking commands in time and space, assign participants and compare later response or overlap windows","Medium at best; detects command activity, not damage, deaths, fight outcome or actual unit position","timestamp, actor, action type, selected ids, target id, x and y, terrain, diplomacy-at-time","Pairwise aggression graph, pressure history, response proxies, performance and rivalry inputs",V2
Age spend feudal [age_spend_feudal],Yes in supplied public JSON export,"QUEUE, BUILD, WALL and RESEARCH commands plus versioned game-data costs",B,Price recorded commands at patch and civilization-adjusted costs and aggregate gross commitments by resource and purpose,"Medium to high for planned gross commitment; not resource collection, bank balance, affordability, refund or net spend","timestamp, entity ids, amounts, costs, civilization modifiers, cancellation events and wall length","Greed versus military commitment, timing investment and economic recovery inputs",V1 gross commitments; V2 net model
Age spend castle [age_spend_castle],Yes in supplied public JSON export,"QUEUE, BUILD, WALL and RESEARCH commands plus versioned game-data costs",B,Price recorded commands at patch and civilization-adjusted costs and aggregate gross commitments by resource and purpose,"Medium to high for planned gross commitment; not resource collection, bank balance, affordability, refund or net spend","timestamp, entity ids, amounts, costs, civilization modifiers, cancellation events and wall length","Greed versus military commitment, timing investment and economic recovery inputs",V1 gross commitments; V2 net model
Age spend imperial [age_spend_imperial],Yes in supplied public JSON export,"QUEUE, BUILD, WALL and RESEARCH commands plus versioned game-data costs",B,Price recorded commands at patch and civilization-adjusted costs and aggregate gross commitments by resource and purpose,"Medium to high for planned gross commitment; not resource collection, bank balance, affordability, refund or net spend","timestamp, entity ids, amounts, costs, civilization modifiers, cancellation events and wall length","Greed versus military commitment, timing investment and economic recovery inputs",V1 gross commitments; V2 net model
Apm feudal [apm_feudal],Yes in supplied public JSON export,ACTION operations and replay clock,B,Count decoded player actions in fixed or age-relative windows and divide by elapsed minutes where applicable,High for the stated counting rule; comparability depends on whether repeated/UI-generated commands are included,"timestamp, actor, action type, sequence, age intervals and match duration","Input activity, pacing, consistency and execution baselines",V1 raw counts; V2 normalized metrics
Apm castle [apm_castle],Yes in supplied public JSON export,ACTION operations and replay clock,B,Count decoded player actions in fixed or age-relative windows and divide by elapsed minutes where applicable,High for the stated counting rule; comparability depends on whether repeated/UI-generated commands are included,"timestamp, actor, action type, sequence, age intervals and match duration","Input activity, pacing, consistency and execution baselines",V1 raw counts; V2 normalized metrics
Apm imperial [apm_imperial],Yes in supplied public JSON export,ACTION operations and replay clock,B,Count decoded player actions in fixed or age-relative windows and divide by elapsed minutes where applicable,High for the stated counting rule; comparability depends on whether repeated/UI-generated commands are included,"timestamp, actor, action type, sequence, age intervals and match duration","Input activity, pacing, consistency and execution baselines",V1 raw counts; V2 normalized metrics
Apm variability [apm_variability],Yes in supplied public JSON export,ACTION operations and replay clock,B,Count decoded player actions in fixed or age-relative windows and divide by elapsed minutes where applicable,High for the stated counting rule; comparability depends on whether repeated/UI-generated commands are included,"timestamp, actor, action type, sequence, age intervals and match duration","Input activity, pacing, consistency and execution baselines",V1 raw counts; V2 normalized metrics
Camera pan share [camera_pan_share],Yes in supplied public JSON export,Recorder VIEWLOCK operations plus command coordinates,E plus B or C,"Aggregate the single recorded camera path into cells, pans, jumps, fight overlap or command visibility",High for the recorder; unavailable for every other player; offscreen intent is heuristic,"timestamp, camera x and y, recorder player id, command x and y",Recorder attention and execution profile; never a league-wide fact for non-recorders,V2
First command time [first_command_time],Yes in supplied public JSON export,ACTION operations and replay clock,B,Count decoded player actions in fixed or age-relative windows and divide by elapsed minutes where applicable,High for the stated counting rule; comparability depends on whether repeated/UI-generated commands are included,"timestamp, actor, action type, sequence, age intervals and match duration","Input activity, pacing, consistency and execution baselines",V1 raw counts; V2 normalized metrics
Feudal transition apm [feudal_transition_apm],Yes in supplied public JSON export,ACTION operations and replay clock,B,Count decoded player actions in fixed or age-relative windows and divide by elapsed minutes where applicable,High for the stated counting rule; comparability depends on whether repeated/UI-generated commands are included,"timestamp, actor, action type, sequence, age intervals and match duration","Input activity, pacing, consistency and execution baselines",V1 raw counts; V2 normalized metrics
Heavy plow time [heavy_plow_time],Yes in supplied public JSON export,RESEARCH commands; system age messages where available; external research-time and availability tables,A for clicks and system age events; B or C for projected completion,"Select research starts, normalize technologies, use direct age-reached messages first and otherwise project completion with declared assumptions",High for click time; high for direct age messages; medium or lower for other completion times,"timestamp, actor, technology id, producer ids, system chat subtype, civilization and patch data","Age and upgrade timing, strategic commitment, execution and military transition inputs",V1
Crop rotation time [crop_rotation_time],Yes in supplied public JSON export,RESEARCH commands; system age messages where available; external research-time and availability tables,A for clicks and system age events; B or C for projected completion,"Select research starts, normalize technologies, use direct age-reached messages first and otherwise project completion with declared assumptions",High for click time; high for direct age messages; medium or lower for other completion times,"timestamp, actor, technology id, producer ids, system chat subtype, civilization and patch data","Age and upgrade timing, strategic commitment, execution and military transition inputs",V1
Bow saw time [bow_saw_time],Yes in supplied public JSON export,RESEARCH commands; system age messages where available; external research-time and availability tables,A for clicks and system age events; B or C for projected completion,"Select research starts, normalize technologies, use direct age-reached messages first and otherwise project completion with declared assumptions",High for click time; high for direct age messages; medium or lower for other completion times,"timestamp, actor, technology id, producer ids, system chat subtype, civilization and patch data","Age and upgrade timing, strategic commitment, execution and military transition inputs",V1
Two man saw time [two_man_saw_time],Yes in supplied public JSON export,RESEARCH commands; system age messages where available; external research-time and availability tables,A for clicks and system age events; B or C for projected completion,"Select research starts, normalize technologies, use direct age-reached messages first and otherwise project completion with declared assumptions",High for click time; high for direct age messages; medium or lower for other completion times,"timestamp, actor, technology id, producer ids, system chat subtype, civilization and patch data","Age and upgrade timing, strategic commitment, execution and military transition inputs",V1
Gold shaft mining time [gold_shaft_mining_time],Yes in supplied public JSON export,RESEARCH commands; system age messages where available; external research-time and availability tables,A for clicks and system age events; B or C for projected completion,"Select research starts, normalize technologies, use direct age-reached messages first and otherwise project completion with declared assumptions",High for click time; high for direct age messages; medium or lower for other completion times,"timestamp, actor, technology id, producer ids, system chat subtype, civilization and patch data","Age and upgrade timing, strategic commitment, execution and military transition inputs",V1
Stone mining time [stone_mining_time],Yes in supplied public JSON export,RESEARCH commands; system age messages where available; external research-time and availability tables,A for clicks and system age events; B or C for projected completion,"Select research starts, normalize technologies, use direct age-reached messages first and otherwise project completion with declared assumptions",High for click time; high for direct age messages; medium or lower for other completion times,"timestamp, actor, technology id, producer ids, system chat subtype, civilization and patch data","Age and upgrade timing, strategic commitment, execution and military transition inputs",V1
Guilds time [guilds_time],Yes in supplied public JSON export,"BUY, SELL and RESEARCH commands",A plus B,Count market commands and amounts; select research clicks; reconstruct prices only if transaction semantics are validated,High for command count and amount; market price and successful execution need controlled tests,"timestamp, actor, resource id, amount, market object id, technology id","Market dependence, sling/support, resource-conversion behavior and economic timing",V1
Banking time [banking_time],Yes in supplied public JSON export,"BUY, SELL and RESEARCH commands",A plus B,Count market commands and amounts; select research clicks; reconstruct prices only if transaction semantics are validated,High for command count and amount; market price and successful execution need controlled tests,"timestamp, actor, resource id, amount, market object id, technology id","Market dependence, sling/support, resource-conversion behavior and economic timing",V1
Coinage time [coinage_time],Yes in supplied public JSON export,"BUY, SELL and RESEARCH commands",A plus B,Count market commands and amounts; select research clicks; reconstruct prices only if transaction semantics are validated,High for command count and amount; market price and successful execution need controlled tests,"timestamp, actor, resource id, amount, market object id, technology id","Market dependence, sling/support, resource-conversion behavior and economic timing",V1
Caravan time [caravan_time],Yes in supplied public JSON export,"BUY, SELL and RESEARCH commands",A plus B,Count market commands and amounts; select research clicks; reconstruct prices only if transaction semantics are validated,High for command count and amount; market price and successful execution need controlled tests,"timestamp, actor, resource id, amount, market object id, technology id","Market dependence, sling/support, resource-conversion behavior and economic timing",V1
Husbandry time [husbandry_time],Yes in supplied public JSON export,RESEARCH commands; system age messages where available; external research-time and availability tables,A for clicks and system age events; B or C for projected completion,"Select research starts, normalize technologies, use direct age-reached messages first and otherwise project completion with declared assumptions",High for click time; high for direct age messages; medium or lower for other completion times,"timestamp, actor, technology id, producer ids, system chat subtype, civilization and patch data","Age and upgrade timing, strategic commitment, execution and military transition inputs",V1
Town watch time [town_watch_time],Yes in supplied public JSON export,RESEARCH commands; system age messages where available; external research-time and availability tables,A for clicks and system age events; B or C for projected completion,"Select research starts, normalize technologies, use direct age-reached messages first and otherwise project completion with declared assumptions",High for click time; high for direct age messages; medium or lower for other completion times,"timestamp, actor, technology id, producer ids, system chat subtype, civilization and patch data","Age and upgrade timing, strategic commitment, execution and military transition inputs",V1
Forging time [forging_time],Yes in supplied public JSON export,RESEARCH commands; system age messages where available; external research-time and availability tables,A for clicks and system age events; B or C for projected completion,"Select research starts, normalize technologies, use direct age-reached messages first and otherwise project completion with declared assumptions",High for click time; high for direct age messages; medium or lower for other completion times,"timestamp, actor, technology id, producer ids, system chat subtype, civilization and patch data","Age and upgrade timing, strategic commitment, execution and military transition inputs",V1
Fletching time [fletching_time],Yes in supplied public JSON export,RESEARCH commands; system age messages where available; external research-time and availability tables,A for clicks and system age events; B or C for projected completion,"Select research starts, normalize technologies, use direct age-reached messages first and otherwise project completion with declared assumptions",High for click time; high for direct age messages; medium or lower for other completion times,"timestamp, actor, technology id, producer ids, system chat subtype, civilization and patch data","Age and upgrade timing, strategic commitment, execution and military transition inputs",V1
Bodkin arrow time [bodkin_arrow_time],Yes in supplied public JSON export,RESEARCH commands; system age messages where available; external research-time and availability tables,A for clicks and system age events; B or C for projected completion,"Select research starts, normalize technologies, use direct age-reached messages first and otherwise project completion with declared assumptions",High for click time; high for direct age messages; medium or lower for other completion times,"timestamp, actor, technology id, producer ids, system chat subtype, civilization and patch data","Age and upgrade timing, strategic commitment, execution and military transition inputs",V1
Eco upgrades by castle [eco_upgrades_by_castle],Yes in supplied public JSON export,RESEARCH commands; system age messages where available; external research-time and availability tables,A for clicks and system age events; B or C for projected completion,"Select research starts, normalize technologies, use direct age-reached messages first and otherwise project completion with declared assumptions",High for click time; high for direct age messages; medium or lower for other completion times,"timestamp, actor, technology id, producer ids, system chat subtype, civilization and patch data","Age and upgrade timing, strategic commitment, execution and military transition inputs",V1
Eco upgrades total [eco_upgrades_total],Yes in supplied public JSON export,RESEARCH commands; system age messages where available; external research-time and availability tables,A for clicks and system age events; B or C for projected completion,"Select research starts, normalize technologies, use direct age-reached messages first and otherwise project completion with declared assumptions",High for click time; high for direct age messages; medium or lower for other completion times,"timestamp, actor, technology id, producer ids, system chat subtype, civilization and patch data","Age and upgrade timing, strategic commitment, execution and military transition inputs",V1
First market [first_market],Yes in supplied public JSON export,BUILD or WALL placement commands plus initial owned objects,A plus B,"Select and count placement commands by normalized building type, coordinates and age window","High for construction orders; completion, cancellation and survival require simulation or explicit later evidence","timestamp, actor, building id, builder ids, x and y, wall endpoints, initial owned structures","Expansion, infrastructure, production capacity, fortification and spatial presence",V1
First university [first_university],Yes in supplied public JSON export,BUILD or WALL placement commands plus initial owned objects,A plus B,"Select and count placement commands by normalized building type, coordinates and age window","High for construction orders; completion, cancellation and survival require simulation or explicit later evidence","timestamp, actor, building id, builder ids, x and y, wall endpoints, initial owned structures","Expansion, infrastructure, production capacity, fortification and spatial presence",V1
University tech count [university_tech_count],Yes in supplied public JSON export,RESEARCH commands; system age messages where available; external research-time and availability tables,A for clicks and system age events; B or C for projected completion,"Select research starts, normalize technologies, use direct age-reached messages first and otherwise project completion with declared assumptions",High for click time; high for direct age messages; medium or lower for other completion times,"timestamp, actor, technology id, producer ids, system chat subtype, civilization and patch data","Age and upgrade timing, strategic commitment, execution and military transition inputs",V1
Blacksmith count [blacksmith_count],Yes in supplied public JSON export,BUILD or WALL placement commands plus initial owned objects,A plus B,"Select and count placement commands by normalized building type, coordinates and age window","High for construction orders; completion, cancellation and survival require simulation or explicit later evidence","timestamp, actor, building id, builder ids, x and y, wall endpoints, initial owned structures","Expansion, infrastructure, production capacity, fortification and spatial presence",V1
First siege workshop [first_siege_workshop],Yes in supplied public JSON export,BUILD or WALL placement commands plus initial owned objects,A plus B,"Select and count placement commands by normalized building type, coordinates and age window","High for construction orders; completion, cancellation and survival require simulation or explicit later evidence","timestamp, actor, building id, builder ids, x and y, wall endpoints, initial owned structures","Expansion, infrastructure, production capacity, fortification and spatial presence",V1
Longest idle gap [longest_idle_gap],Yes in supplied public JSON export,"Command stream, queue commands and versioned time windows",C,"Apply a declared heuristic for continuity, deduplication, efficiency, opening classification or playstyle",Medium and definition-dependent; must retain evidence and model version,"timestamp, actor, action type, selected ids, entity ids, queue amounts, age intervals and map context","Execution fundamentals, stable playstyle models and per-match performance interpretation",V2 or Future
Idle gaps over 30s [idle_gaps_over_30s],Yes in supplied public JSON export,"Command stream, queue commands and versioned time windows",C,"Apply a declared heuristic for continuity, deduplication, efficiency, opening classification or playstyle",Medium and definition-dependent; must retain evidence and model version,"timestamp, actor, action type, selected ids, entity ids, queue amounts, age intervals and map context","Execution fundamentals, stable playstyle models and per-match performance interpretation",V2 or Future
First five min commands [first_five_min_commands],Yes in supplied public JSON export,ACTION operations and replay clock,B,Count decoded player actions in fixed or age-relative windows and divide by elapsed minutes where applicable,High for the stated counting rule; comparability depends on whether repeated/UI-generated commands are included,"timestamp, actor, action type, sequence, age intervals and match duration","Input activity, pacing, consistency and execution baselines",V1 raw counts; V2 normalized metrics
Extra tc count [extra_tc_count],Yes in supplied public JSON export,BUILD or WALL placement commands plus initial owned objects,A plus B,"Select and count placement commands by normalized building type, coordinates and age window","High for construction orders; completion, cancellation and survival require simulation or explicit later evidence","timestamp, actor, building id, builder ids, x and y, wall endpoints, initial owned structures","Expansion, infrastructure, production capacity, fortification and spatial presence",V1
First extra tc time [first_extra_tc_time],Yes in supplied public JSON export,BUILD or WALL placement commands plus initial owned objects,A plus B,"Select and count placement commands by normalized building type, coordinates and age window","High for construction orders; completion, cancellation and survival require simulation or explicit later evidence","timestamp, actor, building id, builder ids, x and y, wall endpoints, initial owned structures","Expansion, infrastructure, production capacity, fortification and spatial presence",V1
First monk time [first_monk_time],Yes in supplied public JSON export,DE_QUEUE or QUEUE commands plus external entity and cost tables,B with C where completion or attribution is implied,"Aggregate queue amounts by normalized unit, family, producer and time window; optionally price at pinned costs","High for queue intent; low to medium for actual trained units, producer allocation, live army or completion time","timestamp, actor, unit id, amount, selected producer ids, entity family, cost and train-time version","Military identity, production commitment, portrait inputs, economic growth and composition transitions",V1 queue truth; V2 derived identity
First siege unit [first_siege_unit],Yes in supplied public JSON export,DE_QUEUE or QUEUE commands plus external entity and cost tables,B with C where completion or attribution is implied,"Aggregate queue amounts by normalized unit, family, producer and time window; optionally price at pinned costs","High for queue intent; low to medium for actual trained units, producer allocation, live army or completion time","timestamp, actor, unit id, amount, selected producer ids, entity family, cost and train-time version","Military identity, production commitment, portrait inputs, economic growth and composition transitions",V1 queue truth; V2 derived identity
Delete commands [delete_commands],Yes in supplied public JSON export,"ACTION operations including selected object ids, gather points, formations and command types",B or C,"Aggregate selection sizes, command categories, batches or rally targets; use explicit deduplication where claiming effective actions",High for raw command properties; medium for quality or efficiency interpretations,"timestamp, actor, action type, object ids, target id and type, entity ids and coordinates","Execution profile, production habits and multitasking proxies",V2
Median selection size [median_selection_size],Yes in supplied public JSON export,"ACTION operations including selected object ids, gather points, formations and command types",B or C,"Aggregate selection sizes, command categories, batches or rally targets; use explicit deduplication where claiming effective actions",High for raw command properties; medium for quality or efficiency interpretations,"timestamp, actor, action type, object ids, target id and type, entity ids and coordinates","Execution profile, production habits and multitasking proxies",V2
Commands per fight [commands_per_fight],Yes in supplied public JSON export,"MOVE, ORDER, PATROL, attack commands, command coordinates, initial player anchors and terrain",C,"Cluster hostile-looking commands in time and space, assign participants and compare later response or overlap windows","Medium at best; detects command activity, not damage, deaths, fight outcome or actual unit position","timestamp, actor, action type, selected ids, target id, x and y, terrain, diplomacy-at-time","Pairwise aggression graph, pressure history, response proxies, performance and rivalry inputs",V2
Long lulls [long_lulls],Yes in supplied public JSON export,ACTION operations and replay clock,B,Count decoded player actions in fixed or age-relative windows and divide by elapsed minutes where applicable,High for the stated counting rule; comparability depends on whether repeated/UI-generated commands are included,"timestamp, actor, action type, sequence, age intervals and match duration","Input activity, pacing, consistency and execution baselines",V1 raw counts; V2 normalized metrics
Tribute sent total [tribute_sent_total],Yes in supplied public JSON export,DE_TRIBUTE or TRIBUTE commands and target player,A plus B,"Filter zero/setup records, aggregate resource vectors on directed player edges and compute received or net totals",High after payload semantics are validated across patches; zero-value records require filtering,"timestamp, actor, target player, food, wood, gold, stone and fee","Team support, Friend and Chivalry inputs, sling detection and pairwise relationship history",V1
Tribute received total [tribute_received_total],Yes in supplied public JSON export,DE_TRIBUTE or TRIBUTE commands and target player,A plus B,"Filter zero/setup records, aggregate resource vectors on directed player edges and compute received or net totals",High after payload semantics are validated across patches; zero-value records require filtering,"timestamp, actor, target player, food, wood, gold, stone and fee","Team support, Friend and Chivalry inputs, sling detection and pairwise relationship history",V1
Tribute net [tribute_net],Yes in supplied public JSON export,DE_TRIBUTE or TRIBUTE commands and target player,A plus B,"Filter zero/setup records, aggregate resource vectors on directed player edges and compute received or net totals",High after payload semantics are validated across patches; zero-value records require filtering,"timestamp, actor, target player, food, wood, gold, stone and fee","Team support, Friend and Chivalry inputs, sling detection and pairwise relationship history",V1
First tribute sent [first_tribute_sent],Yes in supplied public JSON export,DE_TRIBUTE or TRIBUTE commands and target player,A plus B,"Filter zero/setup records, aggregate resource vectors on directed player edges and compute received or net totals",High after payload semantics are validated across patches; zero-value records require filtering,"timestamp, actor, target player, food, wood, gold, stone and fee","Team support, Friend and Chivalry inputs, sling detection and pairwise relationship history",V1
Trade units trained [trade_units_trained],Yes in supplied public JSON export,DE_QUEUE or QUEUE commands plus external entity and cost tables,B with C where completion or attribution is implied,"Aggregate queue amounts by normalized unit, family, producer and time window; optionally price at pinned costs","High for queue intent; low to medium for actual trained units, producer allocation, live army or completion time","timestamp, actor, unit id, amount, selected producer ids, entity family, cost and train-time version","Military identity, production commitment, portrait inputs, economic growth and composition transitions",V1 queue truth; V2 derived identity
First trade unit [first_trade_unit],Yes in supplied public JSON export,"QUEUE, BUILD, RESEARCH, ORDER, BUY, SELL and TRIBUTE commands",B or C,"Aggregate economy-related command events into timings, counts or declared continuity proxies",High for command facts; medium or lower when the name implies completed production or live economy,"timestamp, actor, action type, entity and target ids, amounts, producer ids and coordinates","Economic development, infrastructure, market behavior and recovery fundamentals",V1 facts then V2 metrics
First relic touch [first_relic_touch],Yes in supplied public JSON export,Initial map objects and coordinates; ORDER or SPECIAL target ids for touches,B,"Normalize resource objects, measure distances from a versioned start anchor, or count commands targeting them",High for initial-object geometry; touch semantics depend on target decoding,"initial object type and instance ids, x and y, player anchor, target ids","Map fairness, resource access, relic interest and event-rule context",V1
Relic commands [relic_commands],Yes in supplied public JSON export,Initial map objects and coordinates; ORDER or SPECIAL target ids for touches,B,"Normalize resource objects, measure distances from a versioned start anchor, or count commands targeting them",High for initial-object geometry; touch semantics depend on target decoding,"initial object type and instance ids, x and y, player anchor, target ids","Map fairness, resource access, relic interest and event-rule context",V1
First gate [first_gate],Yes in supplied public JSON export,"WALL, BUILD and GATE commands",A plus B,Expand wall endpoints into tile geometry and count placement commands by normalized structure type,High for ordered geometry; completion and survival are not observed,"timestamp, actor, building id, x1, y1, x2, y2, gate object id","Fortification tendency, chokepoints, defensive investment and map presence",V1
Monastery techs [monastery_techs],Yes in supplied public JSON export,RESEARCH commands; system age messages where available; external research-time and availability tables,A for clicks and system age events; B or C for projected completion,"Select research starts, normalize technologies, use direct age-reached messages first and otherwise project completion with declared assumptions",High for click time; high for direct age messages; medium or lower for other completion times,"timestamp, actor, technology id, producer ids, system chat subtype, civilization and patch data","Age and upgrade timing, strategic commitment, execution and military transition inputs",V1
Techs feudal age [techs_feudal_age],Yes in supplied public JSON export,RESEARCH commands; system age messages where available; external research-time and availability tables,A for clicks and system age events; B or C for projected completion,"Select research starts, normalize technologies, use direct age-reached messages first and otherwise project completion with declared assumptions",High for click time; high for direct age messages; medium or lower for other completion times,"timestamp, actor, technology id, producer ids, system chat subtype, civilization and patch data","Age and upgrade timing, strategic commitment, execution and military transition inputs",V1
Techs castle age [techs_castle_age],Yes in supplied public JSON export,RESEARCH commands; system age messages where available; external research-time and availability tables,A for clicks and system age events; B or C for projected completion,"Select research starts, normalize technologies, use direct age-reached messages first and otherwise project completion with declared assumptions",High for click time; high for direct age messages; medium or lower for other completion times,"timestamp, actor, technology id, producer ids, system chat subtype, civilization and patch data","Age and upgrade timing, strategic commitment, execution and military transition inputs",V1
Techs imperial age [techs_imperial_age],Yes in supplied public JSON export,RESEARCH commands; system age messages where available; external research-time and availability tables,A for clicks and system age events; B or C for projected completion,"Select research starts, normalize technologies, use direct age-reached messages first and otherwise project completion with declared assumptions",High for click time; high for direct age messages; medium or lower for other completion times,"timestamp, actor, technology id, producer ids, system chat subtype, civilization and patch data","Age and upgrade timing, strategic commitment, execution and military transition inputs",V1
Techs total [techs_total],Yes in supplied public JSON export,RESEARCH commands; system age messages where available; external research-time and availability tables,A for clicks and system age events; B or C for projected completion,"Select research starts, normalize technologies, use direct age-reached messages first and otherwise project completion with declared assumptions",High for click time; high for direct age messages; medium or lower for other completion times,"timestamp, actor, technology id, producer ids, system chat subtype, civilization and patch data","Age and upgrade timing, strategic commitment, execution and military transition inputs",V1
Ally fight participation [ally_fight_participation],Yes in supplied public JSON export,"MOVE, ORDER, PATROL, attack commands, command coordinates, initial player anchors and terrain",C,"Cluster hostile-looking commands in time and space, assign participants and compare later response or overlap windows","Medium at best; detects command activity, not damage, deaths, fight outcome or actual unit position","timestamp, actor, action type, selected ids, target id, x and y, terrain, diplomacy-at-time","Pairwise aggression graph, pressure history, response proxies, performance and rivalry inputs",V2
Flares sent [flares_sent],Yes in supplied public JSON export,"ACTION, CHAT and FLARE operations plus reconstructed age windows",B or C,"Count events or compare their timing with inferred fights, pressure and age intervals","High for raw counts; medium or lower for initiative, etiquette, inactivity or strategic labels","timestamp, actor, action type, chat audience and text, flare targets, age intervals and fight evidence","Match narrative facts, social behavior, pressure and performance models",V2
Attack move share [attack_move_share],Yes in supplied public JSON export,"Explicit combat-control commands such as PATROL, ATTACK_GROUND, DE_ATTACK_MOVE, stance, formation, garrison and repair",B,"Count or normalize explicit command types, optionally divide by queue-derived unit families",High for command counts; low for combat effectiveness,"timestamp, actor, action type, selected ids, target ids and coordinates",Army-control habits and execution fundamentals,V1 counts then V2 interpretation
Formation types used [formation_types_used],Yes in supplied public JSON export,"ACTION operations including selected object ids, gather points, formations and command types",B or C,"Aggregate selection sizes, command categories, batches or rally targets; use explicit deduplication where claiming effective actions",High for raw command properties; medium for quality or efficiency interpretations,"timestamp, actor, action type, object ids, target id and type, entity ids and coordinates","Execution profile, production habits and multitasking proxies",V2
Apm peak minute [apm_peak_minute],Yes in supplied public JSON export,ACTION operations and replay clock,B,Count decoded player actions in fixed or age-relative windows and divide by elapsed minutes where applicable,High for the stated counting rule; comparability depends on whether repeated/UI-generated commands are included,"timestamp, actor, action type, sequence, age intervals and match duration","Input activity, pacing, consistency and execution baselines",V1 raw counts; V2 normalized metrics
Team role [team_role],Yes in supplied public JSON export,"Initial map tiles and objects plus BUILD, WALL and command coordinates",B or C,"Compute geometry relative to versioned start anchors, player regions, map halves or resource clusters","High for raw geometry; medium for labels such as forward, control, scouting or team role","map dimensions, terrain, elevation, initial objects, player anchors, action coordinates, building ids","Map presence, expansion, territorial pressure, defensive posture and pairwise spatial activity",V1 fundamentals then V2 labels
Nearest enemy distance [nearest_enemy_distance],Yes in supplied public JSON export,"Initial map tiles and objects plus BUILD, WALL and command coordinates",B or C,"Compute geometry relative to versioned start anchors, player regions, map halves or resource clusters","High for raw geometry; medium for labels such as forward, control, scouting or team role","map dimensions, terrain, elevation, initial objects, player anchors, action coordinates, building ids","Map presence, expansion, territorial pressure, defensive posture and pairwise spatial activity",V1 fundamentals then V2 labels
Age spend dark [age_spend_dark],Yes in supplied public JSON export,"QUEUE, BUILD, WALL and RESEARCH commands plus versioned game-data costs",B,Price recorded commands at patch and civilization-adjusted costs and aggregate gross commitments by resource and purpose,"Medium to high for planned gross commitment; not resource collection, bank balance, affordability, refund or net spend","timestamp, entity ids, amounts, costs, civilization modifiers, cancellation events and wall length","Greed versus military commitment, timing investment and economic recovery inputs",V1 gross commitments; V2 net model
Military added dark [military_added_dark],Yes in supplied public JSON export,DE_QUEUE or QUEUE commands plus external entity and cost tables,B with C where completion or attribution is implied,"Aggregate queue amounts by normalized unit, family, producer and time window; optionally price at pinned costs","High for queue intent; low to medium for actual trained units, producer allocation, live army or completion time","timestamp, actor, unit id, amount, selected producer ids, entity family, cost and train-time version","Military identity, production commitment, portrait inputs, economic growth and composition transitions",V1 queue truth; V2 derived identity
Military spend feudal age [military_spend_feudal_age],Yes in supplied public JSON export,"QUEUE, BUILD, WALL and RESEARCH commands plus versioned game-data costs",B,Price recorded commands at patch and civilization-adjusted costs and aggregate gross commitments by resource and purpose,"Medium to high for planned gross commitment; not resource collection, bank balance, affordability, refund or net spend","timestamp, entity ids, amounts, costs, civilization modifiers, cancellation events and wall length","Greed versus military commitment, timing investment and economic recovery inputs",V1 gross commitments; V2 net model
Military spend castle age [military_spend_castle_age],Yes in supplied public JSON export,"QUEUE, BUILD, WALL and RESEARCH commands plus versioned game-data costs",B,Price recorded commands at patch and civilization-adjusted costs and aggregate gross commitments by resource and purpose,"Medium to high for planned gross commitment; not resource collection, bank balance, affordability, refund or net spend","timestamp, entity ids, amounts, costs, civilization modifiers, cancellation events and wall length","Greed versus military commitment, timing investment and economic recovery inputs",V1 gross commitments; V2 net model
Military spend imperial age [military_spend_imperial_age],Yes in supplied public JSON export,"QUEUE, BUILD, WALL and RESEARCH commands plus versioned game-data costs",B,Price recorded commands at patch and civilization-adjusted costs and aggregate gross commitments by resource and purpose,"Medium to high for planned gross commitment; not resource collection, bank balance, affordability, refund or net spend","timestamp, entity ids, amounts, costs, civilization modifiers, cancellation events and wall length","Greed versus military commitment, timing investment and economic recovery inputs",V1 gross commitments; V2 net model
Buildings dark age [buildings_dark_age],Yes in supplied public JSON export,BUILD or WALL placement commands plus initial owned objects,A plus B,"Select and count placement commands by normalized building type, coordinates and age window","High for construction orders; completion, cancellation and survival require simulation or explicit later evidence","timestamp, actor, building id, builder ids, x and y, wall endpoints, initial owned structures","Expansion, infrastructure, production capacity, fortification and spatial presence",V1
Buildings feudal age [buildings_feudal_age],Yes in supplied public JSON export,BUILD or WALL placement commands plus initial owned objects,A plus B,"Select and count placement commands by normalized building type, coordinates and age window","High for construction orders; completion, cancellation and survival require simulation or explicit later evidence","timestamp, actor, building id, builder ids, x and y, wall endpoints, initial owned structures","Expansion, infrastructure, production capacity, fortification and spatial presence",V1
Buildings castle age [buildings_castle_age],Yes in supplied public JSON export,BUILD or WALL placement commands plus initial owned objects,A plus B,"Select and count placement commands by normalized building type, coordinates and age window","High for construction orders; completion, cancellation and survival require simulation or explicit later evidence","timestamp, actor, building id, builder ids, x and y, wall endpoints, initial owned structures","Expansion, infrastructure, production capacity, fortification and spatial presence",V1
Buildings imperial age [buildings_imperial_age],Yes in supplied public JSON export,BUILD or WALL placement commands plus initial owned objects,A plus B,"Select and count placement commands by normalized building type, coordinates and age window","High for construction orders; completion, cancellation and survival require simulation or explicit later evidence","timestamp, actor, building id, builder ids, x and y, wall endpoints, initial owned structures","Expansion, infrastructure, production capacity, fortification and spatial presence",V1
Villagers per tc spread [villagers_per_tc_spread],Yes in supplied public JSON export,DE_QUEUE or QUEUE commands plus external entity and cost tables,B with C where completion or attribution is implied,"Aggregate queue amounts by normalized unit, family, producer and time window; optionally price at pinned costs","High for queue intent; low to medium for actual trained units, producer allocation, live army or completion time","timestamp, actor, unit id, amount, selected producer ids, entity family, cost and train-time version","Military identity, production commitment, portrait inputs, economic growth and composition transitions",V1 queue truth; V2 derived identity
Production buildings used [production_buildings_used],Yes in supplied public JSON export,BUILD or WALL placement commands plus initial owned objects,A plus B,"Select and count placement commands by normalized building type, coordinates and age window","High for construction orders; completion, cancellation and survival require simulation or explicit later evidence","timestamp, actor, building id, builder ids, x and y, wall endpoints, initial owned structures","Expansion, infrastructure, production capacity, fortification and spatial presence",V1
Research buildings used [research_buildings_used],Yes in supplied public JSON export,BUILD or WALL placement commands plus initial owned objects,A plus B,"Select and count placement commands by normalized building type, coordinates and age window","High for construction orders; completion, cancellation and survival require simulation or explicit later evidence","timestamp, actor, building id, builder ids, x and y, wall endpoints, initial owned structures","Expansion, infrastructure, production capacity, fortification and spatial presence",V1
Attributed production share [attributed_production_share],Yes in supplied public JSON export,DE_QUEUE or QUEUE commands plus external entity and cost tables,B with C where completion or attribution is implied,"Aggregate queue amounts by normalized unit, family, producer and time window; optionally price at pinned costs","High for queue intent; low to medium for actual trained units, producer allocation, live army or completion time","timestamp, actor, unit id, amount, selected producer ids, entity family, cost and train-time version","Military identity, production commitment, portrait inputs, economic growth and composition transitions",V1 queue truth; V2 derived identity
Build order [build_order],Yes in supplied public JSON export,"Command stream, queue commands and versioned time windows",C,"Apply a declared heuristic for continuity, deduplication, efficiency, opening classification or playstyle",Medium and definition-dependent; must retain evidence and model version,"timestamp, actor, action type, selected ids, entity ids, queue amounts, age intervals and map context","Execution fundamentals, stable playstyle models and per-match performance interpretation",V2 or Future
Build order adherence [build_order_adherence],Yes in supplied public JSON export,"Command stream, queue commands and versioned time windows",C,"Apply a declared heuristic for continuity, deduplication, efficiency, opening classification or playstyle",Medium and definition-dependent; must retain evidence and model version,"timestamp, actor, action type, selected ids, entity ids, queue amounts, age intervals and map context","Execution fundamentals, stable playstyle models and per-match performance interpretation",V2 or Future
Build order first gap [build_order_first_gap],Yes in supplied public JSON export,"Command stream, queue commands and versioned time windows",C,"Apply a declared heuristic for continuity, deduplication, efficiency, opening classification or playstyle",Medium and definition-dependent; must retain evidence and model version,"timestamp, actor, action type, selected ids, entity ids, queue amounts, age intervals and map context","Execution fundamentals, stable playstyle models and per-match performance interpretation",V2 or Future
